-- phpMyAdmin SQL Dump
-- version 4.7.4
-- https://www.phpmyadmin.net/
--
-- Host: 127.0.0.1:3306
-- Generation Time: Dec 29, 2017 at 04:13 PM
-- Server version: 5.7.19
-- PHP Version: 5.6.31

SET SQL_MODE = "NO_AUTO_VALUE_ON_ZERO";
SET AUTOCOMMIT = 0;
START TRANSACTION;
SET time_zone = "+00:00";


/*!40101 SET @OLD_CHARACTER_SET_CLIENT=@@CHARACTER_SET_CLIENT */;
/*!40101 SET @OLD_CHARACTER_SET_RESULTS=@@CHARACTER_SET_RESULTS */;
/*!40101 SET @OLD_COLLATION_CONNECTION=@@COLLATION_CONNECTION */;
/*!40101 SET NAMES utf8mb4 */;

--
-- Database: `entreprise`
--
CREATE DATABASE IF NOT EXISTS `entreprise` DEFAULT CHARACTER SET utf8 COLLATE utf8_general_ci;
USE `entreprise`;

-- --------------------------------------------------------

--
-- Table structure for table `commercial`
--

DROP TABLE IF EXISTS `commercial`;
CREATE TABLE IF NOT EXISTS `commercial` (
  `id` bigint(20) NOT NULL,
  `caAnnuel` decimal(10,2) DEFAULT '0.00',
  `performance` int(11) DEFAULT '0',
  PRIMARY KEY (`id`)
) ENGINE=InnoDB DEFAULT CHARSET=utf8;

--
-- Dumping data for table `commercial`
--

INSERT INTO `commercial` (`id`, `caAnnuel`, `performance`) VALUES
(6, '0.00', 5),
(8, '0.00', 4),
(12, '0.00', 5),
(13, '0.00', 1),
(14, '0.00', 9),
(17, '0.00', 4),
(22, '0.00', 10),
(23, '0.00', 7),
(37, '0.00', 5),
(50, '0.00', 5),
(53, '0.00', 8),
(55, '0.00', 4),
(56, '0.00', 5),
(57, '0.00', 4),
(61, '0.00', 5),
(62, '0.00', 1),
(63, '0.00', 1),
(65, '0.00', 10),
(79, '0.00', 7),
(80, '0.00', 3),
(90, '0.00', 6),
(92, '0.00', 10),
(93, '0.00', 2),
(98, '0.00', 10),
(102, '0.00', 3),
(108, '0.00', 6),
(123, '0.00', 9),
(139, '0.00', 6),
(141, '0.00', 2),
(144, '0.00', 4),
(149, '0.00', 3),
(151, '0.00', 4),
(153, '0.00', 8),
(154, '0.00', 10),
(158, '0.00', 4),
(159, '0.00', 10),
(167, '0.00', 7),
(168, '0.00', 5),
(175, '0.00', 2),
(189, '0.00', 7),
(191, '0.00', 9),
(198, '0.00', 3),
(209, '0.00', 9),
(217, '0.00', 5),
(223, '0.00', 6),
(224, '0.00', 4),
(226, '0.00', 4),
(230, '0.00', 6),
(232, '0.00', 6),
(234, '0.00', 3),
(239, '0.00', 6),
(268, '0.00', 10),
(270, '0.00', 2),
(274, '0.00', 7),
(277, '0.00', 2),
(288, '0.00', 7),
(297, '0.00', 8),
(300, '0.00', 8),
(303, '0.00', 5),
(308, '0.00', 10),
(314, '0.00', 4),
(319, '0.00', 9),
(323, '0.00', 3),
(324, '0.00', 8),
(330, '0.00', 10),
(341, '0.00', 5),
(343, '0.00', 6),
(344, '0.00', 3),
(351, '0.00', 9),
(363, '0.00', 5),
(381, '0.00', 6),
(384, '0.00', 5),
(386, '0.00', 5),
(394, '0.00', 10),
(400, '0.00', 3),
(412, '0.00', 5),
(414, '0.00', 6),
(418, '0.00', 5),
(422, '0.00', 7),
(430, '0.00', 9),
(431, '0.00', 2),
(436, '0.00', 2),
(440, '0.00', 6),
(445, '0.00', 2),
(447, '0.00', 2),
(450, '0.00', 3),
(451, '0.00', 1),
(454, '0.00', 3),
(461, '0.00', 2),
(468, '0.00', 10),
(481, '0.00', 5),
(494, '0.00', 6),
(495, '0.00', 2),
(497, '0.00', 4),
(501, '0.00', 1),
(511, '0.00', 3),
(515, '0.00', 4),
(521, '0.00', 7),
(531, '0.00', 4),
(538, '0.00', 10),
(541, '0.00', 7),
(549, '0.00', 5),
(555, '0.00', 4),
(556, '0.00', 3),
(566, '0.00', 5),
(569, '0.00', 3),
(588, '0.00', 1),
(602, '0.00', 5),
(603, '0.00', 4),
(618, '0.00', 1),
(621, '0.00', 2),
(628, '0.00', 9),
(629, '0.00', 7),
(632, '0.00', 10),
(638, '0.00', 7),
(639, '0.00', 5),
(643, '0.00', 5),
(645, '0.00', 7),
(649, '0.00', 2),
(665, '0.00', 6),
(676, '0.00', 5),
(680, '0.00', 7),
(692, '0.00', 8),
(694, '0.00', 10),
(698, '0.00', 5),
(707, '0.00', 2),
(713, '0.00', 8),
(723, '0.00', 1),
(731, '0.00', 10),
(737, '0.00', 8),
(750, '0.00', 8),
(754, '0.00', 6),
(756, '0.00', 7),
(772, '0.00', 5),
(777, '0.00', 2),
(787, '0.00', 5),
(789, '0.00', 9),
(790, '0.00', 9),
(803, '0.00', 7),
(806, '0.00', 9),
(814, '0.00', 4),
(816, '0.00', 4),
(821, '0.00', 4),
(825, '0.00', 9),
(828, '0.00', 3),
(829, '0.00', 8),
(833, '0.00', 2),
(847, '0.00', 3),
(849, '0.00', 1),
(864, '0.00', 4),
(865, '0.00', 5),
(866, '0.00', 4),
(873, '0.00', 4),
(896, '0.00', 6),
(901, '0.00', 8),
(906, '0.00', 3),
(913, '0.00', 10),
(952, '0.00', 10),
(959, '0.00', 8),
(961, '0.00', 9),
(968, '0.00', 3),
(972, '0.00', 8),
(986, '0.00', 8),
(987, '0.00', 6),
(991, '0.00', 4),
(994, '0.00', 4),
(1000, '0.00', 8),
(1002, '0.00', 6),
(1011, '0.00', 8),
(1030, '0.00', 10),
(1040, '0.00', 4),
(1041, '0.00', 1),
(1046, '0.00', 4),
(1047, '0.00', 7),
(1053, '0.00', 10),
(1064, '0.00', 9),
(1066, '0.00', 3),
(1070, '0.00', 9),
(1075, '0.00', 4),
(1085, '0.00', 2),
(1093, '0.00', 9),
(1094, '0.00', 9),
(1100, '0.00', 7),
(1111, '0.00', 8),
(1115, '0.00', 9),
(1120, '0.00', 10),
(1121, '0.00', 1),
(1122, '0.00', 6),
(1125, '0.00', 8),
(1136, '0.00', 9),
(1139, '0.00', 10),
(1141, '0.00', 3),
(1144, '0.00', 5),
(1146, '0.00', 5),
(1153, '0.00', 8),
(1159, '0.00', 4),
(1166, '0.00', 9),
(1173, '0.00', 10),
(1175, '0.00', 2),
(1179, '0.00', 9),
(1186, '0.00', 10),
(1187, '0.00', 1),
(1189, '0.00', 6),
(1197, '0.00', 8),
(1204, '0.00', 8),
(1207, '0.00', 8),
(1208, '0.00', 4),
(1209, '0.00', 5),
(1210, '0.00', 3),
(1213, '0.00', 1),
(1215, '0.00', 6),
(1226, '0.00', 6),
(1228, '0.00', 2),
(1229, '0.00', 2),
(1236, '0.00', 3),
(1241, '0.00', 8),
(1244, '0.00', 10),
(1250, '0.00', 5),
(1257, '0.00', 5),
(1260, '0.00', 9),
(1265, '0.00', 2),
(1266, '0.00', 1),
(1272, '0.00', 9),
(1278, '0.00', 9),
(1281, '0.00', 1),
(1284, '0.00', 5),
(1296, '0.00', 2),
(1306, '0.00', 4),
(1320, '0.00', 5),
(1324, '0.00', 2),
(1326, '0.00', 6),
(1328, '0.00', 3),
(1348, '0.00', 4),
(1350, '0.00', 3),
(1351, '0.00', 3),
(1352, '0.00', 6),
(1358, '0.00', 8),
(1368, '0.00', 1),
(1371, '0.00', 10),
(1380, '0.00', 10),
(1383, '0.00', 6),
(1385, '0.00', 10),
(1393, '0.00', 2),
(1409, '0.00', 10),
(1416, '0.00', 1),
(1423, '0.00', 7),
(1425, '0.00', 9),
(1431, '0.00', 6),
(1438, '0.00', 3),
(1468, '0.00', 8),
(1472, '0.00', 7),
(1475, '0.00', 1),
(1476, '0.00', 6),
(1483, '0.00', 6),
(1493, '0.00', 9),
(1500, '0.00', 7),
(1502, '0.00', 9),
(1504, '0.00', 4),
(1507, '0.00', 2),
(1509, '0.00', 5),
(1511, '0.00', 1),
(1518, '0.00', 10),
(1523, '0.00', 7),
(1528, '0.00', 5),
(1537, '0.00', 3),
(1538, '0.00', 9),
(1539, '0.00', 5),
(1545, '0.00', 7),
(1549, '0.00', 9),
(1551, '0.00', 2),
(1562, '0.00', 6),
(1564, '0.00', 3),
(1566, '0.00', 4),
(1570, '0.00', 2),
(1579, '0.00', 7),
(1583, '0.00', 8),
(1607, '0.00', 8),
(1609, '0.00', 6),
(1610, '0.00', 4),
(1618, '0.00', 1),
(1619, '0.00', 5),
(1634, '0.00', 10),
(1636, '0.00', 5),
(1645, '0.00', 5),
(1646, '0.00', 9),
(1647, '0.00', 10),
(1650, '0.00', 4),
(1653, '0.00', 8),
(1654, '0.00', 9),
(1661, '0.00', 8),
(1667, '0.00', 3),
(1671, '0.00', 10),
(1674, '0.00', 2),
(1678, '0.00', 10),
(1703, '0.00', 4),
(1704, '0.00', 8),
(1705, '0.00', 9),
(1716, '0.00', 1),
(1717, '0.00', 8),
(1727, '0.00', 6),
(1730, '0.00', 4),
(1731, '0.00', 3),
(1742, '0.00', 1),
(1745, '0.00', 8),
(1747, '0.00', 4),
(1749, '0.00', 6),
(1752, '0.00', 9),
(1754, '0.00', 6),
(1760, '0.00', 1),
(1763, '0.00', 8),
(1767, '0.00', 8),
(1773, '0.00', 2),
(1790, '0.00', 9),
(1798, '0.00', 5),
(1800, '0.00', 9),
(1818, '0.00', 10),
(1831, '0.00', 3),
(1839, '0.00', 3),
(1842, '0.00', 6),
(1852, '0.00', 1),
(1853, '0.00', 8),
(1855, '0.00', 5),
(1858, '0.00', 1),
(1862, '0.00', 10),
(1863, '0.00', 4),
(1869, '0.00', 10),
(1874, '0.00', 9),
(1882, '0.00', 5),
(1899, '0.00', 5),
(1913, '0.00', 9),
(1921, '0.00', 2),
(1923, '0.00', 3),
(1926, '0.00', 8),
(1929, '0.00', 9),
(1933, '0.00', 10),
(1940, '0.00', 4),
(1947, '0.00', 7),
(1950, '0.00', 4),
(1953, '0.00', 9),
(1956, '0.00', 2),
(1958, '0.00', 2),
(1961, '0.00', 3),
(1963, '0.00', 1),
(1980, '0.00', 4),
(1983, '0.00', 6),
(2004, '0.00', 7),
(2006, '0.00', 6),
(2008, '0.00', 10),
(2015, '0.00', 10),
(2021, '0.00', 8),
(2033, '0.00', 2),
(2045, '0.00', 4),
(2046, '0.00', 4),
(2052, '0.00', 8),
(2060, '0.00', 5),
(2065, '0.00', 3),
(2076, '0.00', 9),
(2079, '0.00', 4),
(2082, '0.00', 2),
(2095, '0.00', 8),
(2098, '0.00', 4),
(2103, '0.00', 3),
(2117, '0.00', 6),
(2118, '0.00', 9),
(2122, '0.00', 8),
(2125, '0.00', 2),
(2130, '0.00', 6),
(2133, '0.00', 3),
(2138, '0.00', 6),
(2154, '0.00', 2),
(2163, '0.00', 2),
(2170, '0.00', 1),
(2171, '0.00', 1),
(2173, '0.00', 2),
(2178, '0.00', 4),
(2180, '0.00', 7),
(2202, '0.00', 9),
(2203, '0.00', 6),
(2209, '0.00', 10),
(2219, '0.00', 1),
(2238, '0.00', 8),
(2258, '0.00', 3),
(2261, '0.00', 1),
(2266, '0.00', 5),
(2270, '0.00', 1),
(2273, '0.00', 1),
(2281, '0.00', 2),
(2282, '0.00', 5),
(2287, '0.00', 8),
(2291, '0.00', 6),
(2293, '0.00', 3),
(2294, '0.00', 8),
(2303, '0.00', 2),
(2308, '0.00', 6),
(2311, '0.00', 10),
(2313, '0.00', 4),
(2314, '0.00', 1),
(2315, '0.00', 1),
(2316, '0.00', 3),
(2329, '0.00', 9),
(2334, '0.00', 8),
(2340, '0.00', 3),
(2351, '0.00', 8),
(2355, '0.00', 1),
(2358, '0.00', 9),
(2364, '0.00', 4),
(2375, '0.00', 2),
(2377, '0.00', 8),
(2380, '0.00', 3),
(2382, '0.00', 1),
(2392, '0.00', 5),
(2394, '0.00', 1),
(2399, '0.00', 9),
(2401, '0.00', 2),
(2409, '0.00', 4),
(2420, '0.00', 4),
(2422, '0.00', 6),
(2426, '0.00', 9),
(2436, '0.00', 5),
(2442, '0.00', 6),
(2446, '0.00', 7),
(2447, '0.00', 4),
(2451, '0.00', 2),
(2463, '0.00', 5),
(2465, '0.00', 9),
(2477, '0.00', 1),
(2478, '0.00', 6),
(2481, '0.00', 8),
(2483, '0.00', 2),
(2487, '0.00', 6),
(2498, '0.00', 3);

-- --------------------------------------------------------

--
-- Table structure for table `employe`
--

DROP TABLE IF EXISTS `employe`;
CREATE TABLE IF NOT EXISTS `employe` (
  `id` bigint(20) NOT NULL AUTO_INCREMENT,
  `dateEmbauche` date DEFAULT NULL,
  `tempsPartiel` tinyint(1) DEFAULT '0',
  `matricule` varchar(6) DEFAULT NULL,
  `nom` varchar(50) NOT NULL,
  `prenom` varchar(50) NOT NULL,
  `sexe` enum('M','F') DEFAULT 'M',
  `salaire` decimal(9,2) DEFAULT NULL,
  `entreprise_id` bigint(20) NOT NULL,
  PRIMARY KEY (`id`),
  UNIQUE KEY `matricule_unique` (`matricule`),
  KEY `idx_dateEmbauche` (`dateEmbauche`)
) ENGINE=InnoDB AUTO_INCREMENT=2504 DEFAULT CHARSET=utf8;

--
-- Dumping data for table `employe`
--

INSERT INTO `employe` (`id`, `dateEmbauche`, `tempsPartiel`, `matricule`, `nom`, `prenom`, `sexe`, `salaire`, `entreprise_id`) VALUES
(2, '2004-04-04', 1, 'M11109', 'Gaillard', 'Victor', 'M', '1480.30', 1),
(3, '2006-06-06', 0, 'T11101', 'Roussel', 'Clémence', 'F', '1680.32', 1),
(4, '2012-02-25', 0, 'T00000', 'Petit', 'Julie', 'M', '1604.00', 1),
(5, '2010-03-11', 0, 'M00001', 'David', 'Benjamin', 'F', '1435.00', 1),
(6, '2010-01-13', 1, 'C00002', 'Poirier', 'Marie', 'M', '2404.00', 1),
(7, '2015-04-24', 0, 'M00003', 'Mathieu', 'Raphaël', 'M', '2225.00', 1),
(8, '2012-09-09', 1, 'C00004', 'Moulin', 'Noah', 'M', '1807.00', 1),
(9, '2011-02-03', 1, 'T00005', 'Laine', 'Alexis', 'M', '2137.00', 1),
(10, '2013-10-25', 0, 'T00006', 'Rodriguez', 'Mélissa', 'M', '2417.00', 1),
(11, '2012-06-29', 1, 'M00007', 'Laine', 'Maxime', 'F', '1019.00', 1),
(12, '2015-09-14', 1, 'C00008', 'Barre', 'Maxime', 'F', '1551.00', 1),
(13, '2013-11-19', 1, 'C00009', 'Brunet', 'Gabriel', 'F', '1034.00', 1),
(14, '2010-12-05', 1, 'C00010', 'Jean', 'Lina', 'F', '1734.00', 1),
(15, '2010-08-13', 1, 'T00011', 'Aubert', 'Ines', 'M', '1602.00', 1),
(16, '2011-08-19', 0, 'T00012', 'Leroy', 'Enzo', 'F', '1816.00', 1),
(17, '2011-03-05', 0, 'C00013', 'Rousseau', 'Lisa', 'F', '2292.00', 1),
(18, '2014-11-12', 1, 'T00014', 'Perez', 'Pauline', 'F', '1186.00', 1),
(19, '2014-11-09', 1, 'T00015', 'David', 'Ines', 'M', '1150.00', 1),
(20, '2010-07-15', 1, 'T00016', 'Perrot', 'Noa', 'F', '1896.00', 1),
(21, '2012-12-02', 1, 'T00017', 'Perez', 'Lucas', 'F', '2071.00', 1),
(22, '2013-11-20', 1, 'C00018', 'Guillaume', 'Anaïs', 'M', '1775.00', 1),
(23, '2012-07-08', 1, 'C00019', 'Renault', 'Sarah', 'F', '2058.00', 1),
(24, '2015-08-21', 1, 'T00020', 'Lacroix', 'Enzo', 'F', '2056.00', 1),
(25, '2013-04-20', 0, 'T00021', 'Bertrand', 'Valentin', 'F', '1290.00', 1),
(26, '2015-07-22', 0, 'T00022', 'Vidal', 'Quentin', 'M', '1448.00', 1),
(27, '2011-03-05', 1, 'M00023', 'Laine', 'Paul', 'F', '2082.00', 1),
(28, '2015-09-29', 1, 'M00024', 'Blanc', 'Charlotte', 'F', '2079.00', 1),
(29, '2011-11-06', 0, 'T00025', 'David', 'Maëlle', 'F', '2434.00', 1),
(30, '2013-03-29', 0, 'T00026', 'Menard', 'Noa', 'F', '2249.00', 1),
(31, '2011-12-29', 0, 'T00027', 'Maillard', 'Raphaël', 'F', '1023.00', 1),
(32, '2015-12-03', 1, 'T00028', 'Meyer', 'Lucie', 'F', '2326.00', 1),
(33, '2011-02-08', 1, 'T00029', 'Fournier', 'Mathis', 'M', '2367.00', 1),
(34, '2013-07-11', 1, 'T00030', 'Legrand', 'Lina', 'M', '1490.00', 1),
(35, '2011-06-02', 0, 'T00031', 'Morel', 'Lisa', 'M', '1379.00', 1),
(36, '2011-07-16', 0, 'T00032', 'Petit', 'Justine', 'M', '1502.00', 1),
(37, '2015-05-25', 1, 'C00033', 'Simon', 'Maëlys', 'F', '1509.00', 1),
(38, '2011-04-30', 0, 'T00034', 'Marchal', 'Léa', 'M', '2026.00', 1),
(39, '2012-11-02', 0, 'T00035', 'Rolland', 'Marie', 'F', '1625.00', 1),
(40, '2015-08-16', 1, 'T00036', 'Garnier', 'Anaïs', 'F', '2240.00', 1),
(41, '2014-10-20', 0, 'T00037', 'Arnaud', 'Sarah', 'M', '1806.00', 1),
(42, '2010-01-20', 1, 'T00038', 'Olivier', 'Axel', 'F', '1078.00', 1),
(43, '2010-09-14', 1, 'M00039', 'Gaillard', 'MATHILDE', 'F', '1390.00', 1),
(44, '2012-08-07', 1, 'M00040', 'Meunier', 'Camille', 'F', '2347.00', 1),
(45, '2015-08-23', 1, 'M00041', 'Remy', 'Quentin', 'M', '2117.00', 1),
(46, '2012-08-21', 1, 'T00042', 'Fournier', 'Maxime', 'M', '2040.00', 1),
(47, '2015-05-30', 0, 'T00043', 'Renaud', 'Alicia', 'M', '1373.00', 1),
(48, '2014-05-30', 1, 'M00044', 'Fabre', 'Lina', 'F', '1768.00', 1),
(49, '2015-02-21', 1, 'T00045', 'Bourgeois', 'Clément', 'M', '2200.00', 1),
(50, '2011-01-06', 1, 'C00046', 'Aubry', 'Paul', 'F', '2112.00', 1),
(51, '2012-10-26', 0, 'T00047', 'Robin', 'Valentin', 'M', '2246.00', 1),
(52, '2015-06-27', 0, 'T00048', 'Brun', 'Evan', 'F', '1535.00', 1),
(53, '2012-12-01', 0, 'C00049', 'Mathieu', 'Lola', 'F', '2415.00', 1),
(54, '2011-04-06', 1, 'M00050', 'Charles', 'Chloé', 'M', '2478.00', 1),
(55, '2012-07-21', 1, 'C00051', 'Le roux', 'Zoe', 'M', '1106.00', 1),
(56, '2010-01-17', 1, 'C00052', 'Lemoine', 'Romain', 'F', '1983.00', 1),
(57, '2012-06-10', 1, 'C00053', 'Adam', 'Justine', 'F', '1992.00', 1),
(58, '2015-05-26', 0, 'T00054', 'Boyer', 'Lisa', 'M', '1058.00', 1),
(59, '2012-01-29', 1, 'T00055', 'Joly', 'Baptiste', 'F', '2102.00', 1),
(60, '2011-11-18', 0, 'T00056', 'Morin', 'Baptiste', 'M', '1694.00', 1),
(61, '2013-04-04', 1, 'C00057', 'Garnier', 'Evan', 'F', '1121.00', 1),
(62, '2012-01-04', 1, 'C00058', 'Legrand', 'Ambre', 'M', '1858.00', 1),
(63, '2013-04-02', 0, 'C00059', 'Hubert', 'Manon', 'M', '1692.00', 1),
(64, '2012-01-23', 0, 'M00060', 'Vidal', 'Manon', 'M', '1608.00', 1),
(65, '2011-04-18', 0, 'C00061', 'Vincent', 'Quentin', 'M', '1886.00', 1),
(66, '2014-10-31', 1, 'T00062', 'Gonzalez', 'Benjamin', 'M', '1867.00', 1),
(67, '2012-08-05', 0, 'T00063', 'Fournier', 'Gabriel', 'M', '2098.00', 1),
(68, '2014-01-07', 0, 'T00064', 'Barbier', 'Juliette', 'F', '1835.00', 1),
(69, '2011-05-18', 0, 'T00065', 'Fleury', 'Juliette', 'M', '1320.00', 1),
(70, '2011-05-29', 0, 'T00066', 'Leclerc', 'Théo', 'F', '1773.00', 1),
(71, '2010-10-29', 1, 'T00067', 'Garcia', 'Raphaël', 'M', '2186.00', 1),
(72, '2013-05-31', 1, 'T00068', 'Martin', 'Mael', 'F', '1602.00', 1),
(73, '2010-09-10', 1, 'T00069', 'Rodriguez', 'Théo', 'M', '1187.00', 1),
(74, '2012-11-06', 1, 'T00070', 'Rolland', 'Evan', 'M', '1878.00', 1),
(75, '2011-12-10', 1, 'T00071', 'Jacquet', 'Ambre', 'F', '2130.00', 1),
(76, '2014-04-02', 0, 'M00072', 'Meyer', 'Léo', 'M', '1415.00', 1),
(77, '2010-08-17', 1, 'T00073', 'Dupuy', 'Mael', 'F', '2261.00', 1),
(78, '2010-06-12', 1, 'T00074', 'Lacroix', 'Marie', 'F', '1636.00', 1),
(79, '2010-08-30', 0, 'C00075', 'Fleury', 'Jules', 'M', '2428.00', 1),
(80, '2014-08-14', 0, 'C00076', 'Noel', 'Julien', 'M', '2086.00', 1),
(81, '2011-07-31', 1, 'M00077', 'Marchal', 'Pierre', 'F', '1434.00', 1),
(82, '2012-08-30', 0, 'T00078', 'Renard', 'Chloé', 'F', '1079.00', 1),
(83, '2012-11-23', 0, 'T00079', 'Gerard', 'Clara', 'F', '2100.00', 1),
(84, '2011-11-29', 0, 'T00080', 'Garnier', 'Elisa', 'M', '2233.00', 1),
(85, '2011-02-23', 1, 'T00081', 'Paris', 'Théo', 'F', '1323.00', 1),
(86, '2012-06-01', 0, 'T00082', 'Guillaume', 'Ines', 'M', '1920.00', 1),
(87, '2012-04-19', 1, 'T00083', 'Clement', 'Marie', 'F', '1539.00', 1),
(88, '2013-06-06', 1, 'M00084', 'Gerard', 'Lou', 'M', '1272.00', 1),
(89, '2010-11-10', 1, 'M00085', 'Guillaume', 'Zoe', 'F', '1108.00', 1),
(90, '2013-06-22', 0, 'C00086', 'Huet', 'Maxime', 'F', '1820.00', 1),
(91, '2013-07-12', 1, 'T00087', 'Huet', 'Alexis', 'M', '1471.00', 1),
(92, '2014-10-09', 0, 'C00088', 'Legrand', 'Ambre', 'F', '1278.00', 1),
(93, '2015-06-09', 1, 'C00089', 'Martinez', 'Léo', 'M', '1809.00', 1),
(94, '2012-02-19', 1, 'T00090', 'Pierre', 'Evan', 'M', '2113.00', 1),
(95, '2011-12-20', 0, 'M00091', 'Charpentier', 'Clément', 'M', '1025.00', 1),
(96, '2013-07-31', 0, 'T00092', 'Colin', 'Thomas', 'M', '1032.00', 1),
(97, '2014-08-30', 0, 'T00093', 'Pierre', 'Elisa', 'F', '2137.00', 1),
(98, '2014-09-22', 1, 'C00094', 'Roger', 'Yanis', 'F', '1746.00', 1),
(99, '2014-01-10', 0, 'T00095', 'Lacroix', 'Baptiste', 'M', '1398.00', 1),
(100, '2013-11-26', 0, 'T00096', 'Da silva', 'Yanis', 'M', '1649.00', 1),
(101, '2010-01-25', 0, 'T00097', 'Roger', 'Lola', 'M', '1102.00', 1),
(102, '2014-01-10', 0, 'C00098', 'Adam', 'Laura', 'F', '1592.00', 1),
(103, '2013-12-10', 1, 'M00099', 'Vincent', 'Arthur', 'F', '1471.00', 1),
(104, '2011-02-23', 1, 'T00100', 'Mathieu', 'Océane', 'M', '1607.00', 1),
(105, '2010-02-02', 0, 'T00101', 'Moulin', 'Victor', 'M', '1220.00', 1),
(106, '2013-02-09', 1, 'T00102', 'Benoit', 'Axel', 'F', '1307.00', 1),
(107, '2011-01-26', 1, 'T00103', 'Mercier', 'Valentin', 'M', '1580.00', 1),
(108, '2013-09-16', 0, 'C00104', 'Benoit', 'Valentin', 'M', '1118.00', 1),
(109, '2010-07-09', 0, 'T00105', 'Guerin', 'Ines', 'M', '1989.00', 1),
(110, '2014-08-29', 1, 'M00106', 'Roger', 'Yanis', 'F', '1561.00', 1),
(111, '2013-01-15', 1, 'M00107', 'Schmitt', 'Sacha', 'M', '1138.00', 1),
(112, '2011-04-26', 0, 'M00108', 'Morel', 'Lina', 'F', '1032.00', 1),
(113, '2012-12-26', 0, 'T00109', 'Gauthier', 'Eva', 'F', '1994.00', 1),
(114, '2012-10-05', 0, 'T00110', 'Lemoine', 'Pauline', 'F', '1988.00', 1),
(115, '2012-12-07', 1, 'M00111', 'Dupuis', 'Benjamin', 'F', '2407.00', 1),
(116, '2012-02-08', 1, 'T00112', 'Blanchard', 'Ethan', 'M', '1764.00', 1),
(117, '2013-06-19', 0, 'M00113', 'Brun', 'Lucie', 'F', '1776.00', 1),
(118, '2010-09-17', 0, 'T00114', 'Cousin', 'Anaïs', 'M', '2246.00', 1),
(119, '2014-06-18', 1, 'T00115', 'Leclerc', 'Adam', 'M', '2270.00', 1),
(120, '2012-06-01', 1, 'T00116', 'Blanchard', 'Romain', 'F', '1356.00', 1),
(121, '2013-08-14', 1, 'T00117', 'Fontaine', 'Evan', 'F', '1683.00', 1),
(122, '2015-04-29', 0, 'M00118', 'Lemaire', 'Maeva', 'F', '2325.00', 1),
(123, '2010-11-20', 0, 'C00119', 'Louis', 'Adam', 'F', '1899.00', 1),
(124, '2015-06-02', 0, 'M00120', 'Aubert', 'Marie', 'M', '2132.00', 1),
(125, '2013-06-18', 1, 'T00121', 'Francois', 'Maxence', 'M', '2099.00', 1),
(126, '2013-02-11', 1, 'M00122', 'Perrot', 'Mathéo', 'F', '2433.00', 1),
(127, '2011-05-01', 0, 'T00123', 'Moreau', 'Valentin', 'F', '1436.00', 1),
(128, '2010-07-23', 1, 'T00124', 'Picard', 'Eva', 'F', '2267.00', 1),
(129, '2015-08-12', 0, 'T00125', 'Huet', 'Camille', 'F', '1142.00', 1),
(130, '2012-06-03', 1, 'T00126', 'Faure', 'Adam', 'M', '2162.00', 1),
(131, '2011-10-24', 0, 'T00127', 'Sanchez', 'Evan', 'M', '1314.00', 1),
(132, '2014-04-30', 0, 'T00128', 'Durand', 'Lena', 'M', '1159.00', 1),
(133, '2010-04-20', 0, 'M00129', 'Duval', 'Alicia', 'M', '2377.00', 1),
(134, '2014-06-05', 1, 'M00130', 'Thomas', 'Noémie', 'F', '1328.00', 1),
(135, '2011-10-19', 1, 'T00131', 'Guillaume', 'Noah', 'M', '1096.00', 1),
(136, '2010-08-25', 1, 'T00132', 'Philippe', 'Kylian', 'M', '1692.00', 1),
(137, '2014-10-10', 0, 'T00133', 'Lemaire', 'Yanis', 'F', '1915.00', 1),
(138, '2013-10-21', 1, 'M00134', 'Deschamps', 'Théo', 'M', '1779.00', 1),
(139, '2014-09-21', 1, 'C00135', 'Gonzalez', 'Alicia', 'M', '1688.00', 1),
(140, '2015-08-13', 1, 'T00136', 'Faure', 'Romane', 'M', '1032.00', 1),
(141, '2012-03-15', 0, 'C00137', 'Pierre', 'Clément', 'M', '2206.00', 1),
(142, '2013-08-25', 1, 'T00138', 'Simon', 'Maxime', 'F', '1920.00', 1),
(143, '2014-11-18', 0, 'T00139', 'Fleury', 'Eva', 'F', '1739.00', 1),
(144, '2011-03-08', 0, 'C00140', 'Fabre', 'Pauline', 'F', '2146.00', 1),
(145, '2011-05-14', 0, 'T00141', 'Girard', 'Valentin', 'F', '1816.00', 1),
(146, '2010-01-04', 1, 'T00142', 'Arnaud', 'Lucie', 'M', '1514.00', 1),
(147, '2012-07-26', 1, 'T00143', 'Pons', 'Eva', 'M', '1083.00', 1),
(148, '2010-03-10', 0, 'T00144', 'Marchand', 'Valentin', 'M', '1231.00', 1),
(149, '2013-05-26', 1, 'C00145', 'Carpentier', 'Mathis', 'F', '2408.00', 1),
(150, '2015-12-15', 1, 'T00146', 'Lemoine', 'Alexis', 'F', '2411.00', 1),
(151, '2013-11-29', 1, 'C00147', 'Julien', 'Adrien', 'M', '1280.00', 1),
(152, '2014-07-31', 1, 'M00148', 'Dupuis', 'Clara', 'F', '1690.00', 1),
(153, '2013-01-01', 1, 'C00149', 'Rey', 'Quentin', 'M', '1196.00', 1),
(154, '2011-03-16', 1, 'C00150', 'Vidal', 'Elisa', 'M', '2138.00', 1),
(155, '2015-01-20', 0, 'T00151', 'Robert', 'Louise', 'M', '2276.00', 1),
(156, '2015-11-09', 1, 'T00152', 'Guillot', 'Théo', 'F', '2251.00', 1),
(157, '2013-05-13', 1, 'T00153', 'Blanc', 'Hugo', 'M', '1291.00', 1),
(158, '2013-08-27', 1, 'C00154', 'Leclerc', 'Chloé', 'M', '1749.00', 1),
(159, '2014-02-13', 0, 'C00155', 'Bertrand', 'Léo', 'F', '2176.00', 1),
(160, '2013-05-23', 0, 'T00156', 'Leroy', 'Yanis', 'M', '1784.00', 1),
(161, '2012-02-15', 1, 'T00157', 'Leclercq', 'Pierre', 'F', '1425.00', 1),
(162, '2014-08-22', 1, 'T00158', 'Paris', 'Benjamin', 'F', '1850.00', 1),
(163, '2015-03-26', 0, 'T00159', 'Nicolas', 'Anaïs', 'F', '1191.00', 1),
(164, '2013-05-27', 0, 'M00160', 'Noel', 'Quentin', 'F', '2406.00', 1),
(165, '2014-09-24', 1, 'T00161', 'Lucas', 'Maeva', 'F', '1164.00', 1),
(166, '2012-10-02', 1, 'T00162', 'Sanchez', 'Kylian', 'M', '1787.00', 1),
(167, '2011-03-02', 1, 'C00163', 'Robin', 'Manon', 'M', '2273.00', 1),
(168, '2012-04-11', 1, 'C00164', 'Jean', 'Maxime', 'F', '1123.00', 1),
(169, '2012-04-20', 1, 'T00165', 'Boyer', 'Lilou', 'F', '2247.00', 1),
(170, '2013-07-02', 0, 'T00166', 'Renard', 'Evan', 'M', '2443.00', 1),
(171, '2014-02-26', 1, 'T00167', 'Barbier', 'Paul', 'F', '1461.00', 1),
(172, '2015-02-25', 1, 'M00168', 'Roche', 'Alexis', 'M', '1043.00', 1),
(173, '2012-03-10', 1, 'T00169', 'Lacroix', 'Evan', 'F', '1775.00', 1),
(174, '2014-11-21', 1, 'M00170', 'Dubois', 'Marie', 'F', '1610.00', 1),
(175, '2010-02-23', 1, 'C00171', 'Collet', 'Raphaël', 'M', '1991.00', 1),
(176, '2014-09-02', 0, 'T00172', 'Marchand', 'Mélissa', 'M', '1812.00', 1),
(177, '2010-09-16', 1, 'T00173', 'Fabre', 'Gabriel', 'M', '2112.00', 1),
(178, '2010-06-03', 0, 'T00174', 'Blanc', 'Mathéo', 'F', '2014.00', 1),
(179, '2015-06-13', 0, 'M00175', 'Marchand', 'Alice', 'M', '2303.00', 1),
(180, '2010-12-01', 1, 'T00176', 'Dubois', 'Lou', 'F', '1015.00', 1),
(181, '2012-08-04', 1, 'M00177', 'Fontaine', 'Benjamin', 'M', '1856.00', 1),
(182, '2011-06-14', 0, 'T00178', 'Leroy', 'Victor', 'M', '1623.00', 1),
(183, '2015-11-18', 1, 'T00179', 'Lopez', 'Quentin', 'M', '1847.00', 1),
(184, '2012-01-23', 1, 'T00180', 'Meunier', 'Lou', 'F', '1728.00', 1),
(185, '2010-06-29', 0, 'T00181', 'Picard', 'Alexis', 'M', '1760.00', 1),
(186, '2012-08-15', 1, 'T00182', 'Breton', 'Thomas', 'M', '2111.00', 1),
(187, '2015-09-24', 1, 'T00183', 'Rey', 'Pauline', 'M', '1388.00', 1),
(188, '2011-01-30', 1, 'T00184', 'Masson', 'Alexandre', 'M', '1579.00', 1),
(189, '2012-12-19', 0, 'C00185', 'Fernandez', 'Raphaël', 'F', '2126.00', 1),
(190, '2014-11-01', 1, 'T00186', 'Renard', 'Clémence', 'M', '1522.00', 1),
(191, '2012-11-26', 0, 'C00187', 'Rousseau', 'Evan', 'M', '1239.00', 1),
(192, '2010-08-12', 1, 'T00188', 'Lefebvre', 'Lisa', 'F', '1388.00', 1),
(193, '2014-05-13', 0, 'M00189', 'Gonzalez', 'Maëlys', 'M', '2423.00', 1),
(194, '2010-03-24', 1, 'T00190', 'Petit', 'Lena', 'F', '1371.00', 1),
(195, '2011-01-15', 0, 'M00191', 'Faure', 'Sacha', 'F', '2087.00', 1),
(196, '2012-08-24', 0, 'T00192', 'Bernard', 'Maëlys', 'F', '1095.00', 1),
(197, '2011-05-30', 0, 'T00193', 'Cousin', 'Ines', 'M', '1752.00', 1),
(198, '2013-07-02', 0, 'C00194', 'Marchand', 'Alexis', 'M', '2242.00', 1),
(199, '2013-06-05', 1, 'T00195', 'Aubert', 'Lou', 'F', '1673.00', 1),
(200, '2012-06-12', 1, 'T00196', 'Leclerc', 'Mohamed', 'M', '1119.00', 1),
(201, '2012-02-24', 0, 'T00197', 'Jacquet', 'Océane', 'F', '2368.00', 1),
(202, '2013-09-21', 1, 'M00198', 'Lopez', 'Romane', 'M', '1086.00', 1),
(203, '2011-07-04', 0, 'T00199', 'Cousin', 'Ines', 'M', '1810.00', 1),
(204, '2015-07-24', 0, 'T00200', 'Rodriguez', 'Alexis', 'F', '1394.00', 1),
(205, '2011-07-02', 0, 'T00201', 'Laine', 'Mélissa', 'M', '1102.00', 1),
(206, '2010-03-23', 1, 'T00202', 'Clement', 'Charlotte', 'F', '2282.00', 1),
(207, '2014-12-24', 1, 'T00203', 'Fernandez', 'Eva', 'M', '2304.00', 1),
(208, '2010-09-20', 0, 'T00204', 'Barre', 'Charlotte', 'M', '2251.00', 1),
(209, '2010-03-30', 1, 'C00205', 'Roussel', 'Théo', 'M', '1762.00', 1),
(210, '2015-07-13', 1, 'T00206', 'Vasseur', 'Raphaël', 'F', '1725.00', 1),
(211, '2011-01-04', 1, 'T00207', 'Schmitt', 'Louise', 'M', '1817.00', 1),
(212, '2012-03-03', 0, 'T00208', 'Faure', 'Zoe', 'F', '2002.00', 1),
(213, '2014-07-08', 1, 'M00209', 'Huet', 'Camille', 'F', '2419.00', 1),
(214, '2015-08-01', 0, 'T00210', 'Joly', 'Rayan', 'M', '1928.00', 1),
(215, '2012-05-19', 0, 'T00211', 'Henry', 'Pierre', 'M', '2175.00', 1),
(216, '2014-01-02', 1, 'T00212', 'Brun', 'Yanis', 'M', '2339.00', 1),
(217, '2014-09-08', 0, 'C00213', 'Leroy', 'Anaïs', 'M', '1967.00', 1),
(218, '2014-09-25', 1, 'T00214', 'Aubert', 'Maëlle', 'M', '1869.00', 1),
(219, '2011-02-01', 0, 'T00215', 'Lecomte', 'Lina', 'M', '2232.00', 1),
(220, '2011-08-22', 0, 'T00216', 'Brun', 'Rayan', 'M', '1646.00', 1),
(221, '2013-07-28', 1, 'T00217', 'Fleury', 'Antoine', 'F', '1273.00', 1),
(222, '2013-05-31', 0, 'T00218', 'Lambert', 'Camille', 'F', '1366.00', 1),
(223, '2015-03-13', 1, 'C00219', 'Robert', 'Lena', 'F', '2308.00', 1),
(224, '2010-11-18', 1, 'C00220', 'Carpentier', 'Noah', 'F', '2205.00', 1),
(225, '2011-10-01', 0, 'T00221', 'Perez', 'Lucas', 'M', '1542.00', 1),
(226, '2013-09-22', 1, 'C00222', 'Le roux', 'Mathilde', 'M', '1518.00', 1),
(227, '2011-10-27', 1, 'T00223', 'Leroy', 'Laura', 'M', '1269.00', 1),
(228, '2015-09-18', 1, 'T00224', 'Thomas', 'Gabriel', 'M', '2224.00', 1),
(229, '2010-12-25', 0, 'M00225', 'Bourgeois', 'Jade', 'F', '2237.00', 1),
(230, '2014-01-23', 0, 'C00226', 'Fournier', 'Charlotte', 'M', '1695.00', 1),
(231, '2010-04-17', 0, 'T00227', 'Colin', 'Théo', 'F', '2050.00', 1),
(232, '2015-06-07', 1, 'C00228', 'Gerard', 'Noah', 'M', '2291.00', 1),
(233, '2014-06-11', 0, 'M00229', 'Lemaire', 'Alexis', 'F', '2182.00', 1),
(234, '2013-06-16', 1, 'C00230', 'Rey', 'Benjamin', 'M', '2312.00', 1),
(235, '2015-05-05', 0, 'T00231', 'Faure', 'Benjamin', 'F', '1380.00', 1),
(236, '2014-05-12', 1, 'M00232', 'Morel', 'Quentin', 'F', '1471.00', 1),
(237, '2015-11-27', 0, 'M00233', 'Vidal', 'Paul', 'F', '1176.00', 1),
(238, '2012-03-09', 0, 'T00234', 'Da silva', 'Victor', 'F', '1416.00', 1),
(239, '2012-09-07', 0, 'C00235', 'Fabre', 'Lisa', 'M', '2457.00', 1),
(240, '2014-05-05', 1, 'T00236', 'Martin', 'Mathéo', 'F', '2119.00', 1),
(241, '2012-08-08', 1, 'T00237', 'Schmitt', 'Lucie', 'M', '2327.00', 1),
(242, '2011-09-17', 0, 'M00238', 'Marty', 'Lina', 'F', '1300.00', 1),
(243, '2014-04-05', 1, 'T00239', 'Nguyen', 'Rayan', 'F', '1276.00', 1),
(244, '2010-08-30', 1, 'T00240', 'Bourgeois', 'Clémence', 'F', '2486.00', 1),
(245, '2012-04-16', 1, 'T00241', 'Dumas', 'Pierre', 'M', '2235.00', 1),
(246, '2012-09-11', 0, 'T00242', 'Robert', 'Julie', 'M', '1111.00', 1),
(247, '2013-04-15', 0, 'T00243', 'Masson', 'Manon', 'M', '1559.00', 1),
(248, '2012-02-05', 0, 'M00244', 'Richard', 'Juliette', 'M', '1978.00', 1),
(249, '2015-01-10', 0, 'T00245', 'Martin', 'Adam', 'F', '2434.00', 1),
(250, '2013-06-16', 1, 'T00246', 'Blanchard', 'Mael', 'M', '1615.00', 1),
(251, '2010-10-21', 1, 'T00247', 'Clement', 'Yanis', 'M', '2317.00', 1),
(252, '2015-11-20', 0, 'T00248', 'Picard', 'Nathan', 'M', '1259.00', 1),
(253, '2012-05-15', 0, 'T00249', 'Fournier', 'Maëlys', 'F', '1173.00', 1),
(254, '2012-01-19', 0, 'T00250', 'Dumont', 'Clémence', 'F', '1552.00', 1),
(255, '2015-12-18', 0, 'T00251', 'Roussel', 'Julien', 'M', '1747.00', 1),
(256, '2011-02-23', 1, 'T00252', 'Deschamps', 'Lisa', 'F', '1469.00', 1),
(257, '2014-01-25', 1, 'M00253', 'Aubry', 'Lucie', 'M', '1696.00', 1),
(258, '2014-08-18', 1, 'T00254', 'Fontaine', 'Baptiste', 'M', '1174.00', 1),
(259, '2014-04-19', 1, 'M00255', 'Schmitt', 'Anaïs', 'F', '1682.00', 1),
(260, '2012-01-04', 0, 'T00256', 'Picard', 'Sarah', 'F', '2392.00', 1),
(261, '2012-11-18', 0, 'T00257', 'Guillot', 'Antoine', 'F', '2103.00', 1),
(262, '2012-12-01', 0, 'T00258', 'Nicolas', 'Théo', 'F', '2236.00', 1),
(263, '2011-08-25', 1, 'T00259', 'David', 'Noa', 'F', '2079.00', 1),
(264, '2011-11-02', 0, 'T00260', 'Schneider', 'Mohamed', 'M', '1968.00', 1),
(265, '2014-09-11', 0, 'M00261', 'Carpentier', 'Julie', 'M', '2259.00', 1),
(266, '2012-04-05', 0, 'T00262', 'Aubry', 'Clémence', 'M', '1194.00', 1),
(267, '2014-07-26', 0, 'T00263', 'Mercier', 'Clémence', 'F', '1110.00', 1),
(268, '2014-01-23', 0, 'C00264', 'Gautier', 'Yanis', 'F', '1934.00', 1),
(269, '2010-09-02', 1, 'T00265', 'Paris', 'Gabriel', 'M', '1279.00', 1),
(270, '2013-01-20', 0, 'C00266', 'Andre', 'Romane', 'M', '1440.00', 1),
(271, '2010-11-20', 0, 'T00267', 'Chevalier', 'Jade', 'M', '1684.00', 1),
(272, '2013-01-30', 0, 'T00268', 'Denis', 'Nathan', 'M', '2255.00', 1),
(273, '2010-11-21', 1, 'T00269', 'Lopez', 'Anaïs', 'M', '1755.00', 1),
(274, '2014-05-01', 0, 'C00270', 'Guillaume', 'Arthur', 'F', '1789.00', 1),
(275, '2015-09-29', 1, 'T00271', 'Riviere', 'Romane', 'F', '1248.00', 1),
(276, '2010-08-08', 0, 'M00272', 'Guyot', 'Camille', 'F', '2226.00', 1),
(277, '2013-05-07', 1, 'C00273', 'Cousin', 'Ambre', 'M', '2492.00', 1),
(278, '2015-11-07', 0, 'T00274', 'Aubry', 'Eva', 'F', '2003.00', 1),
(279, '2010-12-07', 1, 'T00275', 'Noel', 'Kylian', 'M', '1117.00', 1),
(280, '2012-10-09', 1, 'T00276', 'Cousin', 'Mael', 'F', '1910.00', 1),
(281, '2015-02-14', 1, 'M00277', 'Huet', 'Gabriel', 'M', '2443.00', 1),
(282, '2015-07-16', 0, 'T00278', 'Robin', 'Gabriel', 'F', '2340.00', 1),
(283, '2011-09-09', 1, 'T00279', 'Chevalier', 'Louise', 'F', '1174.00', 1),
(284, '2014-06-07', 0, 'T00280', 'Gautier', 'Lucas', 'F', '2343.00', 1),
(285, '2010-07-25', 1, 'T00281', 'Carpentier', 'Axel', 'M', '1438.00', 1),
(286, '2014-04-17', 0, 'M00282', 'Laurent', 'Adam', 'M', '1431.00', 1),
(287, '2010-08-10', 1, 'T00283', 'Lacroix', 'Yanis', 'M', '1590.00', 1),
(288, '2012-08-29', 0, 'C00284', 'Sanchez', 'Julien', 'M', '2477.00', 1),
(289, '2014-08-03', 1, 'T00285', 'Gerard', 'Quentin', 'M', '2431.00', 1),
(290, '2012-06-11', 0, 'M00286', 'Faure', 'Pauline', 'F', '1497.00', 1),
(291, '2014-03-07', 0, 'T00287', 'Dubois', 'Julien', 'F', '2331.00', 1),
(292, '2011-04-21', 1, 'T00288', 'Fabre', 'Mattéo', 'M', '2020.00', 1),
(293, '2015-08-12', 0, 'M00289', 'Mathieu', 'Julie', 'F', '1402.00', 1),
(294, '2013-08-15', 0, 'T00290', 'Caron', 'Paul', 'M', '1863.00', 1),
(295, '2012-05-13', 0, 'T00291', 'Nguyen', 'Charlotte', 'F', '1602.00', 1),
(296, '2013-01-19', 1, 'T00292', 'Andre', 'Romain', 'M', '2201.00', 1),
(297, '2015-08-28', 0, 'C00293', 'Gaillard', 'Noa', 'M', '2449.00', 1),
(298, '2014-08-31', 1, 'M00294', 'Leroy', 'Océane', 'F', '2355.00', 1),
(299, '2012-10-02', 0, 'T00295', 'Bertrand', 'Sacha', 'F', '1980.00', 1),
(300, '2012-06-04', 1, 'C00296', 'Noel', 'Camille', 'M', '2033.00', 1),
(301, '2010-04-01', 0, 'T00297', 'Roussel', 'Nathan', 'F', '1401.00', 1),
(302, '2011-02-24', 1, 'T00298', 'Da silva', 'Rayan', 'M', '2164.00', 1),
(303, '2013-02-27', 1, 'C00299', 'Leroux', 'Lena', 'M', '2141.00', 1),
(304, '2014-11-02', 0, 'T00300', 'Vidal', 'Nathan', 'F', '2114.00', 1),
(305, '2015-12-29', 1, 'T00301', 'Lopez', 'Hugo', 'M', '1105.00', 1),
(306, '2010-08-22', 0, 'T00302', 'Duval', 'Mélissa', 'F', '1129.00', 1),
(307, '2011-06-11', 0, 'T00303', 'Colin', 'Ambre', 'M', '1781.00', 1),
(308, '2013-09-20', 1, 'C00304', 'Lemaire', 'Julie', 'M', '1461.00', 1),
(309, '2010-11-24', 1, 'M00305', 'Rey', 'Benjamin', 'M', '1450.00', 1),
(310, '2015-05-17', 0, 'T00306', 'Roy', 'Zoe', 'M', '2126.00', 1),
(311, '2011-05-18', 0, 'T00307', 'Paris', 'Mathis', 'F', '1297.00', 1),
(312, '2011-04-12', 0, 'T00308', 'Gautier', 'Adam', 'M', '2267.00', 1),
(313, '2015-06-13', 0, 'T00309', 'Collet', 'Zoe', 'M', '1728.00', 1),
(314, '2015-02-26', 0, 'C00310', 'Vincent', 'Clara', 'M', '1433.00', 1),
(315, '2012-09-16', 0, 'T00311', 'Jean', 'Mathéo', 'M', '1567.00', 1),
(316, '2012-04-14', 1, 'M00312', 'Sanchez', 'Enzo', 'M', '1864.00', 1),
(317, '2010-01-28', 1, 'T00313', 'Dupont', 'Lou', 'F', '1574.00', 1),
(318, '2011-04-08', 0, 'T00314', 'Moulin', 'Julien', 'M', '1164.00', 1),
(319, '2013-11-29', 0, 'C00315', 'Le gall', 'Victor', 'F', '2469.00', 1),
(320, '2013-03-08', 0, 'T00316', 'Fournier', 'Léo', 'M', '1502.00', 1),
(321, '2014-07-09', 0, 'M00317', 'Marie', 'Sacha', 'M', '1302.00', 1),
(322, '2012-06-19', 0, 'T00318', 'Lecomte', 'Adrien', 'F', '1790.00', 1),
(323, '2012-02-07', 0, 'C00319', 'Lambert', 'Axel', 'F', '1808.00', 1),
(324, '2014-01-07', 1, 'C00320', 'Riviere', 'Romane', 'M', '1105.00', 1),
(325, '2014-01-28', 0, 'T00321', 'Moreau', 'Tom', 'F', '1795.00', 1),
(326, '2014-06-27', 1, 'T00322', 'Lemoine', 'Clément', 'M', '2160.00', 1),
(327, '2011-09-24', 0, 'M00323', 'Chevalier', 'Baptiste', 'F', '1059.00', 1),
(328, '2011-07-23', 1, 'T00324', 'Huet', 'Alexis', 'F', '2094.00', 1),
(329, '2010-12-13', 1, 'T00325', 'Julien', 'Clémence', 'F', '1238.00', 1),
(330, '2014-03-25', 1, 'C00326', 'Andre', 'Nathan', 'F', '1309.00', 1),
(331, '2013-11-19', 0, 'T00327', 'Perez', 'Paul', 'F', '1542.00', 1),
(332, '2011-02-18', 0, 'M00328', 'Blanc', 'Raphaël', 'F', '2484.00', 1),
(333, '2013-08-13', 1, 'M00329', 'Perez', 'Mohamed', 'M', '1839.00', 1),
(334, '2011-02-28', 0, 'T00330', 'Roussel', 'Nathan', 'M', '1196.00', 1),
(335, '2010-08-09', 1, 'T00331', 'Rodriguez', 'Baptiste', 'M', '1998.00', 1),
(336, '2010-03-18', 0, 'T00332', 'Lacroix', 'Mattéo', 'F', '2413.00', 1),
(337, '2013-04-01', 0, 'T00333', 'Bernard', 'Laura', 'M', '1017.00', 1),
(338, '2013-01-27', 0, 'T00334', 'Perrot', 'Maxence', 'M', '1715.00', 1),
(339, '2010-06-30', 1, 'T00335', 'Blanc', 'Nicolas', 'M', '1334.00', 1),
(340, '2012-02-22', 0, 'T00336', 'Girard', 'Alexis', 'M', '1131.00', 1),
(341, '2013-04-23', 1, 'C00337', 'Maillard', 'Noémie', 'M', '2309.00', 1),
(342, '2013-08-05', 1, 'T00338', 'Roger', 'Lucie', 'M', '1476.00', 1),
(343, '2013-12-29', 0, 'C00339', 'Dumas', 'Sacha', 'M', '2479.00', 1),
(344, '2015-11-30', 0, 'C00340', 'Renault', 'Léo', 'F', '1018.00', 1),
(345, '2011-12-05', 0, 'T00341', 'Girard', 'Adam', 'M', '2067.00', 1),
(346, '2011-01-14', 1, 'M00342', 'Aubry', 'Maxence', 'F', '2385.00', 1),
(347, '2010-08-18', 0, 'T00343', 'Schneider', 'Lucie', 'F', '1351.00', 1),
(348, '2010-04-30', 0, 'T00344', 'Benoit', 'Baptiste', 'M', '1287.00', 1),
(349, '2011-04-20', 0, 'T00345', 'Meyer', 'Victor', 'F', '1227.00', 1),
(350, '2011-07-09', 0, 'T00346', 'Clement', 'Lena', 'F', '2038.00', 1),
(351, '2013-09-02', 0, 'C00347', 'Guillot', 'Zoe', 'F', '1745.00', 1),
(352, '2013-05-12', 0, 'T00348', 'Adam', 'Mohamed', 'M', '1478.00', 1),
(353, '2010-08-01', 1, 'T00349', 'Lopez', 'Mohamed', 'F', '1940.00', 1),
(354, '2010-05-17', 1, 'T00350', 'Joly', 'Laura', 'M', '1042.00', 1),
(355, '2013-10-22', 0, 'M00351', 'Royer', 'Jules', 'F', '1393.00', 1),
(356, '2012-10-31', 0, 'T00352', 'Barbier', 'Louise', 'M', '2033.00', 1),
(357, '2011-01-06', 1, 'T00353', 'Leroy', 'Mélissa', 'M', '1203.00', 1),
(358, '2015-10-14', 1, 'T00354', 'Guillot', 'Noa', 'M', '1931.00', 1),
(359, '2012-11-22', 1, 'T00355', 'Maillard', 'Anaïs', 'M', '2251.00', 1),
(360, '2014-12-28', 1, 'T00356', 'Guillaume', 'Julie', 'F', '1144.00', 1),
(361, '2014-02-11', 1, 'T00357', 'Charpentier', 'Maëlle', 'F', '1447.00', 1),
(362, '2015-03-31', 1, 'T00358', 'Mathieu', 'Marie', 'F', '1753.00', 1),
(363, '2011-10-14', 1, 'C00359', 'Royer', 'Chloé', 'M', '2100.00', 1),
(364, '2011-01-21', 1, 'T00360', 'Guyot', 'Laura', 'F', '1186.00', 1),
(365, '2010-12-15', 1, 'M00361', 'Mathieu', 'Ethan', 'M', '2489.00', 1),
(366, '2012-05-17', 1, 'T00362', 'Barbier', 'Tom', 'M', '1963.00', 1),
(367, '2010-06-03', 0, 'T00363', 'Lefebvre', 'Mael', 'M', '2099.00', 1),
(368, '2015-05-30', 0, 'T00364', 'Hubert', 'Jules', 'F', '1540.00', 1),
(369, '2011-06-28', 0, 'T00365', 'Carre', 'Mohamed', 'F', '1284.00', 1),
(370, '2014-04-01', 1, 'M00366', 'Deschamps', 'Maëlle', 'M', '1893.00', 1),
(371, '2014-11-12', 1, 'M00367', 'Garnier', 'Justine', 'M', '1776.00', 1),
(372, '2015-11-03', 0, 'T00368', 'Moreau', 'Ines', 'F', '1523.00', 1),
(373, '2010-09-23', 0, 'T00369', 'Nguyen', 'Louna', 'F', '1731.00', 1),
(374, '2012-06-23', 0, 'M00370', 'Roux', 'Mathilde', 'F', '1256.00', 1),
(375, '2011-10-22', 1, 'M00371', 'Fleury', 'Noa', 'F', '1633.00', 1),
(376, '2013-08-28', 1, 'T00372', 'Henry', 'Quentin', 'F', '2446.00', 1),
(377, '2015-09-20', 1, 'T00373', 'Noel', 'Sarah', 'F', '1857.00', 1),
(378, '2010-05-20', 0, 'T00374', 'Martinez', 'Mael', 'F', '2223.00', 1),
(379, '2014-09-15', 0, 'T00375', 'Boyer', 'Hugo', 'F', '1314.00', 1),
(380, '2011-10-18', 1, 'M00376', 'Joly', 'Tom', 'F', '1038.00', 1),
(381, '2013-05-08', 0, 'C00377', 'Noel', 'Célia', 'F', '1145.00', 1),
(382, '2012-09-19', 1, 'M00378', 'Leroy', 'Evan', 'M', '1115.00', 1),
(383, '2010-05-30', 1, 'T00379', 'Martinez', 'Laura', 'F', '1361.00', 1),
(384, '2014-09-28', 0, 'C00380', 'Roussel', 'Thomas', 'M', '1146.00', 1),
(385, '2015-06-24', 1, 'M00381', 'Paris', 'Maeva', 'M', '1607.00', 1),
(386, '2013-10-01', 0, 'C00382', 'Rolland', 'Louna', 'M', '1121.00', 1),
(387, '2010-03-25', 1, 'T00383', 'Sanchez', 'Hugo', 'F', '1973.00', 1),
(388, '2015-06-15', 0, 'T00384', 'Carre', 'Océane', 'M', '1365.00', 1),
(389, '2011-06-23', 1, 'T00385', 'Leclerc', 'Chloé', 'M', '1510.00', 1),
(390, '2015-12-19', 0, 'M00386', 'Chevalier', 'Alexandre', 'F', '2359.00', 1),
(391, '2010-05-09', 0, 'T00387', 'Renaud', 'Lilou', 'M', '1181.00', 1),
(392, '2010-01-16', 1, 'T00388', 'Fournier', 'Manon', 'M', '1005.00', 1),
(393, '2013-01-15', 1, 'T00389', 'Robert', 'Benjamin', 'M', '1009.00', 1),
(394, '2014-06-03', 1, 'C00390', 'Leroy', 'Laura', 'M', '1998.00', 1),
(395, '2010-12-09', 1, 'T00391', 'Julien', 'Gabriel', 'M', '2456.00', 1),
(396, '2013-10-05', 1, 'T00392', 'Cousin', 'Zoe', 'M', '2468.00', 1),
(397, '2010-07-16', 1, 'T00393', 'Meunier', 'Nicolas', 'M', '1862.00', 1),
(398, '2012-05-25', 0, 'T00394', 'Gonzalez', 'Antoine', 'M', '1001.00', 1),
(399, '2010-04-29', 1, 'T00395', 'Rodriguez', 'Adam', 'F', '1531.00', 1),
(400, '2015-09-26', 1, 'C00396', 'Durand', 'Noah', 'F', '2490.00', 1),
(401, '2014-07-24', 0, 'T00397', 'Breton', 'Océane', 'M', '2157.00', 1),
(402, '2011-06-06', 0, 'T00398', 'Deschamps', 'Maëlys', 'F', '1373.00', 1),
(403, '2011-04-01', 1, 'T00399', 'Fontaine', 'Noah', 'F', '1790.00', 1),
(404, '2013-12-28', 0, 'M00400', 'David', 'Gabriel', 'F', '1260.00', 1),
(405, '2011-07-25', 1, 'T00401', 'Francois', 'Lucie', 'M', '1211.00', 1),
(406, '2012-11-18', 0, 'T00402', 'Perrot', 'Louna', 'F', '1975.00', 1),
(407, '2014-07-16', 0, 'M00403', 'Thomas', 'Romain', 'M', '2472.00', 1),
(408, '2013-12-21', 1, 'T00404', 'Petit', 'Mohamed', 'F', '1352.00', 1),
(409, '2011-11-20', 0, 'T00405', 'Marchand', 'Célia', 'F', '1420.00', 1),
(410, '2011-11-18', 0, 'T00406', 'Perez', 'Thomas', 'M', '1494.00', 1),
(411, '2014-10-06', 1, 'T00407', 'Blanc', 'Célia', 'F', '1536.00', 1),
(412, '2015-11-23', 1, 'C00408', 'Marie', 'Noa', 'F', '2223.00', 1),
(413, '2015-07-05', 1, 'M00409', 'Legrand', 'Adam', 'F', '2355.00', 1),
(414, '2015-08-01', 1, 'C00410', 'Barre', 'Charlotte', 'M', '2098.00', 1),
(415, '2012-04-09', 0, 'T00411', 'Marchand', 'Victor', 'M', '1346.00', 1),
(416, '2014-02-24', 1, 'M00412', 'Le roux', 'Chloé', 'F', '1526.00', 1),
(417, '2010-10-22', 0, 'T00413', 'Leroy', 'Mathéo', 'F', '2094.00', 1),
(418, '2013-05-01', 0, 'C00414', 'Thomas', 'Sacha', 'M', '2412.00', 1),
(419, '2011-03-20', 0, 'T00415', 'Rodriguez', 'Romane', 'M', '2034.00', 1),
(420, '2011-11-21', 1, 'T00416', 'Da silva', 'Alicia', 'F', '2107.00', 1),
(421, '2013-05-08', 1, 'M00417', 'Chevalier', 'Pierre', 'F', '1137.00', 1),
(422, '2011-06-01', 1, 'C00418', 'Poirier', 'Thomas', 'F', '1791.00', 1),
(423, '2014-03-08', 1, 'T00419', 'Lefevre', 'Evan', 'M', '1714.00', 1),
(424, '2010-09-03', 1, 'T00420', 'Brunet', 'Ambre', 'F', '1218.00', 1),
(425, '2014-02-24', 0, 'T00421', 'Marchal', 'Alice', 'M', '1105.00', 1),
(426, '2014-07-18', 1, 'T00422', 'Caron', 'Marie', 'F', '2158.00', 1),
(427, '2015-08-07', 0, 'M00423', 'Le roux', 'Jade', 'M', '1160.00', 1),
(428, '2012-02-23', 1, 'T00424', 'Renard', 'Mattéo', 'F', '1279.00', 1),
(429, '2010-12-22', 0, 'T00425', 'Lefevre', 'Océane', 'F', '2428.00', 1),
(430, '2013-11-29', 1, 'C00426', 'Aubry', 'Mathilde', 'M', '1978.00', 1),
(431, '2011-11-05', 0, 'C00427', 'Guerin', 'Mael', 'M', '2240.00', 1),
(432, '2015-04-09', 1, 'T00428', 'David', 'Arthur', 'F', '2417.00', 1),
(433, '2014-11-10', 0, 'T00429', 'Andre', 'Alexandre', 'F', '1551.00', 1),
(434, '2011-07-26', 0, 'T00430', 'Jean', 'Arthur', 'F', '2121.00', 1),
(435, '2015-06-25', 0, 'T00431', 'Aubry', 'Clara', 'M', '2137.00', 1),
(436, '2012-06-06', 1, 'C00432', 'Jean', 'Noah', 'M', '1005.00', 1),
(437, '2011-12-06', 0, 'T00433', 'David', 'Lou', 'M', '2329.00', 1),
(438, '2010-01-02', 0, 'M00434', 'Leroux', 'Kylian', 'M', '2192.00', 1),
(439, '2011-08-24', 1, 'T00435', 'Berger', 'Jeanne', 'M', '1859.00', 1),
(440, '2011-04-11', 1, 'C00436', 'Huet', 'Lou', 'F', '1756.00', 1),
(441, '2010-08-07', 0, 'T00437', 'Rey', 'Ines', 'F', '1873.00', 1),
(442, '2011-02-22', 1, 'T00438', 'Garcia', 'Emilie', 'F', '1687.00', 1),
(443, '2015-04-14', 1, 'M00439', 'Paul', 'Thomas', 'M', '1390.00', 1),
(444, '2012-01-27', 0, 'M00440', 'Lemaire', 'Maxime', 'F', '1129.00', 1),
(445, '2015-11-03', 0, 'C00441', 'Renault', 'Hugo', 'M', '1825.00', 1),
(446, '2014-12-28', 1, 'T00442', 'Marie', 'Adam', 'F', '1746.00', 1),
(447, '2013-11-22', 1, 'C00443', 'Robin', 'Quentin', 'M', '2073.00', 1),
(448, '2012-02-18', 1, 'T00444', 'Benoit', 'Louis', 'F', '1100.00', 1),
(449, '2014-04-27', 1, 'T00445', 'Collet', 'Ethan', 'M', '1400.00', 1),
(450, '2011-11-19', 1, 'C00446', 'Girard', 'Valentin', 'F', '1535.00', 1),
(451, '2012-09-07', 0, 'C00447', 'Baron', 'Manon', 'M', '1917.00', 1),
(452, '2015-08-15', 0, 'T00448', 'Prevost', 'Adrien', 'F', '1221.00', 1),
(453, '2013-10-30', 0, 'M00449', 'Thomas', 'Romain', 'M', '1137.00', 1),
(454, '2010-04-25', 0, 'C00450', 'Chevalier', 'Maëlys', 'M', '1441.00', 1),
(455, '2011-03-10', 0, 'T00451', 'Renard', 'Clément', 'F', '1327.00', 1),
(456, '2013-04-12', 0, 'T00452', 'Julien', 'Manon', 'M', '1643.00', 1),
(457, '2014-07-05', 1, 'T00453', 'Barbier', 'Noémie', 'F', '1802.00', 1),
(458, '2015-11-25', 0, 'T00454', 'Royer', 'Clément', 'F', '1361.00', 1),
(459, '2013-09-10', 1, 'T00455', 'Leroux', 'Sarah', 'F', '2017.00', 1),
(460, '2013-10-24', 1, 'M00456', 'Deschamps', 'Mattéo', 'F', '1857.00', 1),
(461, '2010-02-16', 0, 'C00457', 'Leclerc', 'Axel', 'F', '2167.00', 1),
(462, '2012-11-10', 0, 'T00458', 'Fabre', 'Jeanne', 'M', '1113.00', 1),
(463, '2013-11-05', 0, 'T00459', 'Legrand', 'Thomas', 'F', '1200.00', 1),
(464, '2015-06-29', 1, 'T00460', 'Roy', 'Louis', 'F', '1919.00', 1),
(465, '2012-05-31', 0, 'T00461', 'Jacquet', 'Antoine', 'F', '1595.00', 1),
(466, '2011-07-12', 1, 'T00462', 'Schneider', 'Arthur', 'F', '2063.00', 1),
(467, '2013-04-03', 0, 'M00463', 'Berger', 'Océane', 'M', '1907.00', 1),
(468, '2012-10-28', 1, 'C00464', 'Meyer', 'Maxime', 'M', '2033.00', 1),
(469, '2013-05-25', 0, 'M00465', 'Masson', 'Jade', 'F', '1103.00', 1),
(470, '2014-02-13', 1, 'T00466', 'Marchand', 'Lucie', 'F', '1343.00', 1),
(471, '2014-03-20', 1, 'T00467', 'Marie', 'Justine', 'M', '2409.00', 1),
(472, '2012-10-27', 1, 'T00468', 'Moulin', 'Louna', 'M', '1981.00', 1),
(473, '2014-04-28', 0, 'T00469', 'Michel', 'Anaïs', 'M', '1522.00', 1),
(474, '2012-01-20', 0, 'T00470', 'Moulin', 'Louis', 'M', '1569.00', 1),
(475, '2011-12-13', 0, 'T00471', 'Schmitt', 'Rayan', 'F', '1866.00', 1),
(476, '2013-07-05', 1, 'T00472', 'Vidal', 'Julien', 'M', '2062.00', 1),
(477, '2010-10-11', 1, 'T00473', 'Perrot', 'Romain', 'F', '2468.00', 1),
(478, '2015-09-26', 1, 'T00474', 'Roche', 'Julien', 'F', '1196.00', 1),
(479, '2010-07-22', 0, 'T00475', 'Moulin', 'Noa', 'F', '1678.00', 1),
(480, '2014-08-26', 1, 'M00476', 'Garcia', 'Adam', 'M', '2382.00', 1),
(481, '2011-01-31', 1, 'C00477', 'Breton', 'Juliette', 'M', '1030.00', 1),
(482, '2011-11-04', 1, 'T00478', 'Lacroix', 'Pierre', 'F', '2312.00', 1),
(483, '2015-05-15', 0, 'T00479', 'Schneider', 'Baptiste', 'F', '1390.00', 1),
(484, '2011-09-27', 0, 'T00480', 'Noel', 'Louna', 'F', '1037.00', 1),
(485, '2010-09-08', 1, 'T00481', 'Collet', 'Noémie', 'M', '1436.00', 1),
(486, '2011-07-31', 1, 'T00482', 'Vasseur', 'Juliette', 'F', '1686.00', 1),
(487, '2013-01-13', 0, 'T00483', 'Legrand', 'Elisa', 'F', '1470.00', 1),
(488, '2013-07-28', 0, 'T00484', 'Rousseau', 'Clément', 'M', '2441.00', 1),
(489, '2011-02-12', 1, 'M00485', 'Gautier', 'Jade', 'F', '1580.00', 1),
(490, '2010-12-06', 1, 'T00486', 'Noel', 'Clémence', 'M', '1188.00', 1),
(491, '2013-07-17', 1, 'T00487', 'Roy', 'Adam', 'F', '2271.00', 1),
(492, '2015-12-18', 0, 'T00488', 'Fontaine', 'Mael', 'M', '1809.00', 1),
(493, '2012-06-26', 0, 'T00489', 'Clement', 'Mathis', 'M', '1039.00', 1),
(494, '2011-08-18', 1, 'C00490', 'Lucas', 'Carla', 'F', '1947.00', 1),
(495, '2015-09-23', 0, 'C00491', 'Le roux', 'Maeva', 'F', '1205.00', 1),
(496, '2014-09-09', 0, 'T00492', 'Boyer', 'Lilou', 'M', '2100.00', 1),
(497, '2014-09-26', 0, 'C00493', 'Guerin', 'Marie', 'F', '2481.00', 1),
(498, '2015-08-12', 1, 'T00494', 'Guillaume', 'Elisa', 'F', '2462.00', 1),
(499, '2011-05-04', 0, 'T00495', 'Lambert', 'Alexandre', 'M', '2196.00', 1),
(500, '2013-02-24', 0, 'T00496', 'Perez', 'Mathis', 'M', '1742.00', 1),
(501, '2014-06-25', 1, 'C00497', 'Laurent', 'Alexis', 'F', '2361.00', 1),
(502, '2014-10-23', 0, 'T00498', 'Philippe', 'Justine', 'F', '1973.00', 1),
(503, '2010-01-05', 0, 'T00499', 'Roche', 'Adrien', 'M', '1590.00', 1),
(504, '2015-08-29', 1, 'T00500', 'Garcia', 'Lucie', 'M', '1072.00', 1),
(505, '2010-04-18', 1, 'T00501', 'Da silva', 'Léo', 'M', '1221.00', 1),
(506, '2012-06-16', 0, 'M00502', 'Giraud', 'Noa', 'F', '1968.00', 1),
(507, '2010-11-08', 0, 'T00503', 'Garcia', 'Tom', 'M', '2421.00', 1),
(508, '2011-05-29', 0, 'T00504', 'Dufour', 'Pierre', 'M', '2097.00', 1),
(509, '2011-01-03', 0, 'T00505', 'Giraud', 'Maxence', 'F', '2500.00', 1),
(510, '2013-08-24', 1, 'T00506', 'Mathieu', 'Maxence', 'M', '2378.00', 1),
(511, '2012-07-27', 0, 'C00507', 'Schneider', 'Manon', 'M', '1666.00', 1),
(512, '2010-07-15', 1, 'T00508', 'Renault', 'Lisa', 'F', '1473.00', 1),
(513, '2015-12-26', 0, 'T00509', 'Pierre', 'Maxence', 'F', '1325.00', 1),
(514, '2011-02-18', 1, 'T00510', 'Lefevre', 'Victor', 'M', '2280.00', 1),
(515, '2013-08-18', 0, 'C00511', 'Guillaume', 'Lou', 'F', '1499.00', 1),
(516, '2014-03-17', 0, 'M00512', 'Joly', 'Lola', 'F', '2419.00', 1),
(517, '2015-09-04', 0, 'M00513', 'Dupont', 'Léa', 'F', '1360.00', 1),
(518, '2010-05-22', 1, 'T00514', 'Faure', 'Adam', 'F', '1349.00', 1),
(519, '2013-05-18', 1, 'T00515', 'Henry', 'Elisa', 'F', '1085.00', 1),
(520, '2012-12-17', 1, 'T00516', 'Gonzalez', 'Maëlys', 'M', '1550.00', 1),
(521, '2014-12-02', 0, 'C00517', 'Legrand', 'Ines', 'F', '1932.00', 1),
(522, '2012-01-10', 1, 'T00518', 'Nicolas', 'Hugo', 'M', '1457.00', 1),
(523, '2010-04-21', 0, 'T00519', 'Fournier', 'Lisa', 'M', '1965.00', 1),
(524, '2013-08-02', 0, 'T00520', 'Gaillard', 'Nicolas', 'M', '1943.00', 1),
(525, '2011-08-29', 0, 'T00521', 'Girard', 'Manon', 'M', '1209.00', 1),
(526, '2013-06-14', 0, 'M00522', 'Fournier', 'Romain', 'M', '1486.00', 1),
(527, '2015-07-09', 0, 'M00523', 'Carre', 'Maeva', 'M', '1420.00', 1),
(528, '2011-04-05', 0, 'T00524', 'Lacroix', 'Lucas', 'M', '1254.00', 1),
(529, '2013-02-13', 0, 'T00525', 'Fournier', 'Noa', 'M', '1917.00', 1),
(530, '2012-08-10', 0, 'M00526', 'Royer', 'Maeva', 'M', '1000.00', 1),
(531, '2011-04-17', 0, 'C00527', 'Louis', 'Maëlys', 'F', '2152.00', 1),
(532, '2011-01-05', 1, 'M00528', 'Vincent', 'Maeva', 'M', '1091.00', 1),
(533, '2010-10-25', 1, 'M00529', 'Carre', 'Paul', 'F', '2064.00', 1),
(534, '2012-07-18', 1, 'T00530', 'Michel', 'Lucie', 'F', '1675.00', 1),
(535, '2014-09-08', 1, 'T00531', 'Lambert', 'Nicolas', 'M', '2341.00', 1),
(536, '2010-11-06', 0, 'T00532', 'Roux', 'Ethan', 'M', '1769.00', 1),
(537, '2014-11-26', 1, 'T00533', 'Giraud', 'Arthur', 'M', '2071.00', 1),
(538, '2015-10-01', 1, 'C00534', 'Brunet', 'Clara', 'M', '1031.00', 1),
(539, '2013-10-22', 1, 'M00535', 'Poirier', 'Arthur', 'F', '1625.00', 1),
(540, '2015-12-15', 1, 'M00536', 'Duval', 'Axel', 'M', '1228.00', 1),
(541, '2015-03-12', 1, 'C00537', 'Le roux', 'Nathan', 'M', '2414.00', 1),
(542, '2015-12-26', 0, 'T00538', 'Vasseur', 'Rayan', 'M', '2463.00', 1),
(543, '2013-05-12', 1, 'T00539', 'Philippe', 'Jules', 'F', '2237.00', 1),
(544, '2013-07-25', 1, 'T00540', 'Dupuis', 'Maëlys', 'M', '2275.00', 1),
(545, '2015-03-22', 0, 'T00541', 'Hubert', 'Juliette', 'M', '1306.00', 1),
(546, '2014-06-06', 0, 'T00542', 'Gonzalez', 'Mael', 'F', '1084.00', 1),
(547, '2010-01-23', 1, 'T00543', 'Mercier', 'Adrien', 'F', '1050.00', 1),
(548, '2011-02-24', 1, 'T00544', 'Lemoine', 'Mathis', 'F', '1783.00', 1),
(549, '2014-07-16', 1, 'C00545', 'Duval', 'Eva', 'F', '2367.00', 1),
(550, '2011-12-01', 1, 'T00546', 'Bernard', 'Ines', 'M', '1053.00', 1),
(551, '2013-03-19', 1, 'T00547', 'Berger', 'Noa', 'M', '2279.00', 1),
(552, '2014-07-19', 0, 'M00548', 'Brunet', 'Théo', 'M', '1402.00', 1),
(553, '2010-05-29', 0, 'M00549', 'Renaud', 'Marie', 'F', '1862.00', 1),
(554, '2012-07-13', 1, 'M00550', 'Rousseau', 'Eva', 'F', '1697.00', 1),
(555, '2010-11-29', 0, 'C00551', 'Guillaume', 'Pierre', 'M', '2432.00', 1),
(556, '2015-07-14', 1, 'C00552', 'Garnier', 'Maëlys', 'F', '1946.00', 1),
(557, '2011-01-24', 0, 'T00553', 'Aubert', 'Maëlys', 'M', '1703.00', 1),
(558, '2014-02-06', 1, 'M00554', 'Leclerc', 'Julie', 'F', '2066.00', 1),
(559, '2013-12-11', 1, 'T00555', 'Le roux', 'Lola', 'M', '1240.00', 1),
(560, '2010-03-01', 1, 'T00556', 'Masson', 'Sacha', 'M', '2119.00', 1),
(561, '2010-03-27', 1, 'M00557', 'Gonzalez', 'Ethan', 'F', '1005.00', 1),
(562, '2012-09-19', 0, 'T00558', 'Martin', 'Axel', 'F', '2310.00', 1),
(563, '2014-08-23', 0, 'T00559', 'Poirier', 'Lina', 'M', '2383.00', 1),
(564, '2012-10-09', 1, 'M00560', 'Gonzalez', 'Jules', 'F', '1585.00', 1),
(565, '2011-07-31', 0, 'T00561', 'Gaillard', 'Clémence', 'M', '2242.00', 1),
(566, '2013-10-10', 1, 'C00562', 'Rey', 'Adam', 'M', '1782.00', 1),
(567, '2014-09-12', 1, 'T00563', 'Prevost', 'Noémie', 'M', '1884.00', 1),
(568, '2014-12-30', 0, 'M00564', 'Colin', 'Justine', 'F', '2476.00', 1),
(569, '2014-10-28', 1, 'C00565', 'Laine', 'Mathis', 'M', '1730.00', 1),
(570, '2014-08-10', 1, 'T00566', 'Cousin', 'Louna', 'F', '2034.00', 1),
(571, '2015-09-25', 0, 'T00567', 'Deschamps', 'Mélissa', 'M', '1485.00', 1),
(572, '2010-09-09', 1, 'T00568', 'Charpentier', 'Charlotte', 'M', '1264.00', 1),
(573, '2011-10-05', 0, 'T00569', 'Vasseur', 'Nicolas', 'M', '1732.00', 1),
(574, '2013-02-24', 0, 'T00570', 'Brunet', 'Maeva', 'M', '2265.00', 1),
(575, '2014-06-29', 1, 'T00571', 'Gonzalez', 'Alexis', 'M', '1420.00', 1),
(576, '2012-12-16', 0, 'T00572', 'Remy', 'Jules', 'F', '2160.00', 1),
(577, '2012-10-31', 0, 'T00573', 'Berger', 'Louise', 'M', '1155.00', 1),
(578, '2013-03-26', 1, 'T00574', 'Duval', 'Sarah', 'F', '2498.00', 1),
(579, '2014-04-26', 0, 'M00575', 'Laine', 'Maeva', 'F', '1746.00', 1),
(580, '2012-11-23', 1, 'T00576', 'Lefebvre', 'Benjamin', 'M', '2471.00', 1),
(581, '2010-04-23', 0, 'T00577', 'Barre', 'Antoine', 'M', '1153.00', 1),
(582, '2010-03-18', 1, 'M00578', 'Richard', 'Marie', 'M', '2156.00', 1),
(583, '2015-02-24', 0, 'T00579', 'Guerin', 'Chloé', 'M', '1120.00', 1),
(584, '2011-05-18', 1, 'M00580', 'Duval', 'Célia', 'M', '1915.00', 1),
(585, '2012-10-05', 0, 'T00581', 'Bertrand', 'Kylian', 'F', '1971.00', 1),
(586, '2014-03-22', 1, 'T00582', 'Morin', 'Alicia', 'F', '1959.00', 1),
(587, '2013-03-26', 1, 'T00583', 'Francois', 'Nicolas', 'F', '2457.00', 1),
(588, '2011-03-13', 0, 'C00584', 'Breton', 'Marie', 'F', '1749.00', 1),
(589, '2012-10-18', 1, 'T00585', 'Picard', 'Marie', 'F', '1795.00', 1),
(590, '2010-09-08', 0, 'T00586', 'Guerin', 'Lina', 'M', '2109.00', 1),
(591, '2013-07-04', 1, 'T00587', 'Richard', 'Noémie', 'F', '2209.00', 1),
(592, '2015-09-01', 0, 'T00588', 'Paul', 'Maeva', 'M', '2335.00', 1),
(593, '2014-02-16', 0, 'T00589', 'Roussel', 'Baptiste', 'F', '1700.00', 1),
(594, '2010-11-17', 0, 'T00590', 'Schneider', 'Alicia', 'F', '1776.00', 1),
(595, '2015-08-17', 1, 'T00591', 'Le roux', 'Eva', 'M', '1356.00', 1),
(596, '2011-08-16', 1, 'T00592', 'Martin', 'Maëlle', 'F', '1952.00', 1),
(597, '2015-03-19', 1, 'T00593', 'Marty', 'Evan', 'M', '1042.00', 1),
(598, '2013-06-19', 1, 'T00594', 'Paris', 'Lou', 'M', '2349.00', 1),
(599, '2010-04-07', 0, 'T00595', 'Bourgeois', 'Maëlle', 'F', '1590.00', 1),
(600, '2013-10-30', 1, 'T00596', 'Dupont', 'Nathan', 'M', '2136.00', 1),
(601, '2014-11-29', 1, 'T00597', 'Faure', 'Clémence', 'F', '1401.00', 1),
(602, '2011-03-27', 0, 'C00598', 'Giraud', 'Sacha', 'M', '1630.00', 1),
(603, '2015-03-24', 0, 'C00599', 'Cousin', 'Alicia', 'M', '1035.00', 1),
(604, '2013-03-19', 1, 'T00600', 'Renault', 'Théo', 'M', '1910.00', 1),
(605, '2010-10-08', 1, 'M00601', 'Perrot', 'Yanis', 'M', '2342.00', 1),
(606, '2015-05-17', 1, 'T00602', 'Guillaume', 'Chloé', 'F', '1474.00', 1),
(607, '2010-06-17', 0, 'T00603', 'Lambert', 'Noémie', 'M', '2290.00', 1),
(608, '2010-03-15', 0, 'M00604', 'Andre', 'Alexandre', 'M', '1329.00', 1),
(609, '2011-05-09', 0, 'T00605', 'Brun', 'Gabriel', 'M', '1068.00', 1),
(610, '2010-11-25', 0, 'T00606', 'Leroux', 'Arthur', 'F', '1933.00', 1),
(611, '2012-07-07', 1, 'T00607', 'Bertrand', 'Célia', 'M', '1582.00', 1),
(612, '2011-03-29', 1, 'T00608', 'Joly', 'Paul', 'F', '1003.00', 1),
(613, '2013-07-31', 1, 'M00609', 'Fleury', 'Raphaël', 'F', '1538.00', 1),
(614, '2012-06-06', 1, 'T00610', 'Noel', 'Mattéo', 'M', '2160.00', 1),
(615, '2015-11-22', 1, 'T00611', 'Blanc', 'Thomas', 'M', '1877.00', 1),
(616, '2012-02-25', 1, 'M00612', 'Collet', 'Gabriel', 'M', '1952.00', 1),
(617, '2013-05-27', 1, 'T00613', 'Pons', 'Marie', 'F', '1401.00', 1),
(618, '2010-01-08', 1, 'C00614', 'Mercier', 'Quentin', 'M', '2323.00', 1),
(619, '2014-07-09', 1, 'M00615', 'Meunier', 'Mathis', 'F', '2381.00', 1),
(620, '2012-03-03', 0, 'T00616', 'Jean', 'Alicia', 'F', '1790.00', 1),
(621, '2014-08-03', 0, 'C00617', 'Cousin', 'Victor', 'F', '1970.00', 1),
(622, '2010-11-19', 1, 'T00618', 'Roux', 'Clémence', 'F', '2030.00', 1),
(623, '2015-06-25', 1, 'T00619', 'Moreau', 'Axel', 'M', '2156.00', 1),
(624, '2014-02-23', 1, 'M00620', 'Arnaud', 'Gabriel', 'M', '1798.00', 1),
(625, '2010-05-23', 1, 'T00621', 'Lopez', 'Noa', 'M', '1899.00', 1),
(626, '2012-10-21', 0, 'T00622', 'Muller', 'Julie', 'M', '2259.00', 1),
(627, '2010-02-13', 1, 'M00623', 'Aubry', 'Tom', 'F', '1120.00', 1),
(628, '2012-11-19', 1, 'C00624', 'Philippe', 'Ines', 'F', '2471.00', 1),
(629, '2014-04-19', 1, 'C00625', 'Picard', 'Lou', 'M', '1482.00', 1),
(630, '2014-02-15', 0, 'T00626', 'Barre', 'Zoe', 'F', '2474.00', 1),
(631, '2011-08-11', 0, 'T00627', 'Lucas', 'Alexis', 'M', '2165.00', 1),
(632, '2010-05-30', 0, 'C00628', 'Breton', 'Antoine', 'F', '2040.00', 1),
(633, '2012-07-12', 0, 'T00629', 'Garcia', 'Alicia', 'M', '1646.00', 1),
(634, '2015-09-08', 1, 'M00630', 'Lemaire', 'Alexandre', 'M', '1848.00', 1),
(635, '2014-08-08', 0, 'T00631', 'Leroy', 'Hugo', 'F', '1546.00', 1),
(636, '2014-12-22', 0, 'T00632', 'Dupont', 'Jade', 'M', '2425.00', 1),
(637, '2013-12-27', 1, 'T00633', 'Laurent', 'Emilie', 'F', '2282.00', 1),
(638, '2015-02-08', 0, 'C00634', 'Duval', 'Alexandre', 'M', '1777.00', 1),
(639, '2015-09-30', 1, 'C00635', 'Da silva', 'Hugo', 'F', '2363.00', 1),
(640, '2014-04-25', 1, 'T00636', 'Bonnet', 'Manon', 'M', '1906.00', 1),
(641, '2014-12-25', 1, 'T00637', 'Francois', 'Manon', 'F', '1937.00', 1),
(642, '2013-09-16', 0, 'T00638', 'Bertrand', 'Elisa', 'M', '1906.00', 1),
(643, '2013-05-18', 0, 'C00639', 'Fournier', 'Léo', 'M', '1071.00', 1),
(644, '2010-01-07', 1, 'M00640', 'Barbier', 'Emilie', 'F', '1864.00', 1),
(645, '2012-05-31', 0, 'C00641', 'Guerin', 'Jules', 'M', '1988.00', 1),
(646, '2012-08-31', 0, 'T00642', 'Lemaire', 'Baptiste', 'M', '2337.00', 1),
(647, '2010-11-11', 0, 'T00643', 'Charpentier', 'Carla', 'F', '2000.00', 1),
(648, '2010-11-04', 1, 'T00644', 'Dupuy', 'Louis', 'F', '2358.00', 1),
(649, '2013-05-15', 1, 'C00645', 'Roux', 'Romain', 'M', '1296.00', 1),
(650, '2011-01-25', 0, 'T00646', 'Poirier', 'Quentin', 'M', '1701.00', 1),
(651, '2013-01-08', 1, 'T00647', 'Thomas', 'Laura', 'M', '2203.00', 1),
(652, '2014-02-26', 0, 'T00648', 'Perrot', 'Antoine', 'M', '1028.00', 1),
(653, '2012-04-08', 0, 'T00649', 'Brun', 'Noah', 'M', '1544.00', 1),
(654, '2011-05-14', 1, 'T00650', 'Lacroix', 'Lucas', 'F', '1557.00', 1),
(655, '2013-11-03', 1, 'M00651', 'Leclercq', 'Julie', 'M', '1014.00', 1),
(656, '2014-01-08', 1, 'M00652', 'Moreau', 'Louise', 'M', '1522.00', 1),
(657, '2012-07-02', 0, 'T00653', 'Deschamps', 'Zoe', 'M', '1834.00', 1),
(658, '2011-06-19', 1, 'T00654', 'Lefevre', 'Lucas', 'M', '2367.00', 1),
(659, '2013-04-10', 0, 'T00655', 'Rey', 'Jules', 'F', '1960.00', 1),
(660, '2014-10-08', 1, 'T00656', 'Lacroix', 'Ines', 'M', '1285.00', 1),
(661, '2010-12-14', 0, 'T00657', 'Poirier', 'Raphaël', 'M', '2196.00', 1),
(662, '2010-07-05', 1, 'T00658', 'Meunier', 'Rayan', 'M', '1508.00', 1),
(663, '2010-01-04', 0, 'T00659', 'Durand', 'Hugo', 'F', '1991.00', 1),
(664, '2014-01-04', 0, 'T00660', 'Bourgeois', 'Thomas', 'F', '1773.00', 1),
(665, '2013-05-08', 0, 'C00661', 'Cousin', 'Louna', 'M', '1989.00', 1),
(666, '2013-08-03', 1, 'T00662', 'Renard', 'Yanis', 'F', '1582.00', 1),
(667, '2012-12-15', 0, 'T00663', 'Berger', 'Marie', 'M', '1482.00', 1),
(668, '2011-06-05', 0, 'T00664', 'Arnaud', 'Kylian', 'F', '1308.00', 1),
(669, '2011-11-02', 1, 'T00665', 'Schneider', 'Camille', 'M', '2448.00', 1),
(670, '2013-11-07', 1, 'T00666', 'Dumas', 'Justine', 'F', '2431.00', 1),
(671, '2015-01-02', 0, 'T00667', 'Charles', 'Julie', 'F', '1163.00', 1),
(672, '2010-06-22', 1, 'T00668', 'Arnaud', 'Lina', 'F', '2335.00', 1),
(673, '2015-05-01', 1, 'T00669', 'Leclercq', 'Mael', 'F', '1339.00', 1),
(674, '2014-12-12', 1, 'T00670', 'Baron', 'Quentin', 'F', '1637.00', 1),
(675, '2012-12-13', 0, 'T00671', 'Joly', 'Célia', 'F', '1656.00', 1),
(676, '2014-04-15', 1, 'C00672', 'Da silva', 'Mohamed', 'M', '2094.00', 1),
(677, '2011-12-30', 0, 'T00673', 'Sanchez', 'Sarah', 'F', '1979.00', 1),
(678, '2013-03-01', 0, 'M00674', 'Andre', 'Manon', 'F', '1018.00', 1),
(679, '2015-05-16', 1, 'T00675', 'Da silva', 'Alexis', 'M', '1954.00', 1),
(680, '2012-05-02', 0, 'C00676', 'Leclercq', 'Mathéo', 'F', '1289.00', 1),
(681, '2013-06-14', 1, 'T00677', 'Paul', 'Mathilde', 'F', '2156.00', 1),
(682, '2014-02-02', 0, 'T00678', 'Carre', 'Alice', 'M', '1591.00', 1),
(683, '2012-02-05', 0, 'T00679', 'Rousseau', 'Clara', 'F', '2149.00', 1),
(684, '2010-01-09', 0, 'T00680', 'Francois', 'Camille', 'M', '2170.00', 1),
(685, '2014-02-10', 1, 'T00681', 'Charpentier', 'Juliette', 'F', '2250.00', 1),
(686, '2014-12-15', 1, 'T00682', 'Henry', 'Emilie', 'M', '1304.00', 1),
(687, '2010-12-22', 1, 'T00683', 'Marchal', 'Zoe', 'M', '1569.00', 1),
(688, '2014-07-02', 0, 'T00684', 'Renault', 'Théo', 'F', '1752.00', 1),
(689, '2013-07-19', 0, 'T00685', 'Lemaire', 'Laura', 'M', '2026.00', 1),
(690, '2012-08-17', 0, 'T00686', 'Rousseau', 'Alexandre', 'M', '1715.00', 1),
(691, '2013-01-20', 1, 'T00687', 'Muller', 'Sacha', 'M', '2135.00', 1),
(692, '2014-11-03', 1, 'C00688', 'Aubert', 'Pierre', 'F', '1235.00', 1),
(693, '2010-12-18', 0, 'T00689', 'Renault', 'Mathilde', 'F', '1413.00', 1),
(694, '2011-08-23', 1, 'C00690', 'Bourgeois', 'Lena', 'M', '1397.00', 1),
(695, '2014-12-05', 0, 'T00691', 'Meyer', 'Noémie', 'M', '1360.00', 1),
(696, '2010-05-04', 1, 'T00692', 'Blanchard', 'Lena', 'F', '2248.00', 1),
(697, '2010-11-21', 1, 'T00693', 'Leclerc', 'Charlotte', 'F', '2048.00', 1),
(698, '2013-10-17', 0, 'C00694', 'Fournier', 'Nathan', 'M', '1526.00', 1),
(699, '2010-11-29', 1, 'T00695', 'Legrand', 'Baptiste', 'F', '2168.00', 1),
(700, '2013-12-11', 0, 'M00696', 'Jacquet', 'Marie', 'F', '1684.00', 1),
(701, '2013-03-20', 1, 'T00697', 'Colin', 'Lilou', 'M', '1270.00', 1),
(702, '2011-08-31', 0, 'T00698', 'Bonnet', 'Noa', 'F', '1596.00', 1),
(703, '2011-09-25', 1, 'T00699', 'Julien', 'Gabriel', 'F', '1271.00', 1),
(704, '2010-03-14', 0, 'T00700', 'Benoit', 'Maëlle', 'F', '2060.00', 1),
(705, '2013-07-05', 1, 'T00701', 'Carre', 'Baptiste', 'M', '2348.00', 1),
(706, '2010-07-23', 0, 'T00702', 'Nguyen', 'Chloé', 'F', '2452.00', 1);
INSERT INTO `employe` (`id`, `dateEmbauche`, `tempsPartiel`, `matricule`, `nom`, `prenom`, `sexe`, `salaire`, `entreprise_id`) VALUES
(707, '2012-03-25', 0, 'C00703', 'Vasseur', 'Noah', 'F', '2337.00', 1),
(708, '2014-04-26', 0, 'T00704', 'Schneider', 'Antoine', 'M', '2328.00', 1),
(709, '2015-05-16', 1, 'T00705', 'Rodriguez', 'Baptiste', 'F', '2498.00', 1),
(710, '2013-07-27', 1, 'T00706', 'Lefebvre', 'Maëlys', 'M', '1649.00', 1),
(711, '2010-07-23', 0, 'T00707', 'Schmitt', 'Pauline', 'M', '2425.00', 1),
(712, '2015-10-21', 0, 'M00708', 'Prevost', 'Elisa', 'F', '1021.00', 1),
(713, '2012-07-28', 1, 'C00709', 'Moulin', 'Benjamin', 'M', '1252.00', 1),
(714, '2015-02-24', 0, 'T00710', 'Morel', 'Jade', 'M', '1440.00', 1),
(715, '2015-10-06', 1, 'T00711', 'Morel', 'Lola', 'M', '1875.00', 1),
(716, '2011-09-14', 1, 'T00712', 'Blanc', 'Clara', 'F', '2299.00', 1),
(717, '2011-07-06', 1, 'T00713', 'Gerard', 'Clément', 'F', '2242.00', 1),
(718, '2010-07-25', 1, 'M00714', 'Charpentier', 'Pauline', 'M', '1981.00', 1),
(719, '2011-07-23', 0, 'T00715', 'Paul', 'Juliette', 'F', '1988.00', 1),
(720, '2011-04-08', 0, 'M00716', 'Sanchez', 'Thomas', 'M', '2294.00', 1),
(721, '2015-10-27', 1, 'T00717', 'Marchand', 'Clara', 'F', '1571.00', 1),
(722, '2011-11-25', 0, 'M00718', 'Guillaume', 'Zoe', 'F', '2217.00', 1),
(723, '2014-10-18', 0, 'C00719', 'Faure', 'Mattéo', 'F', '1588.00', 1),
(724, '2013-07-04', 1, 'T00720', 'Nicolas', 'Clément', 'M', '1625.00', 1),
(725, '2014-12-22', 1, 'T00721', 'Roy', 'Lina', 'M', '1360.00', 1),
(726, '2015-06-13', 1, 'T00722', 'Vidal', 'Mattéo', 'F', '1581.00', 1),
(727, '2013-01-22', 0, 'M00723', 'Meunier', 'Ines', 'F', '1032.00', 1),
(728, '2010-11-18', 0, 'T00724', 'Vincent', 'Lena', 'F', '1118.00', 1),
(729, '2014-06-13', 0, 'T00725', 'Rolland', 'Mathéo', 'M', '1579.00', 1),
(730, '2013-12-22', 0, 'T00726', 'Rodriguez', 'Jules', 'F', '1094.00', 1),
(731, '2011-05-10', 0, 'C00727', 'Martinez', 'Célia', 'F', '1711.00', 1),
(732, '2011-05-02', 0, 'T00728', 'Lambert', 'Alice', 'M', '2104.00', 1),
(733, '2013-03-09', 0, 'T00729', 'Guillot', 'Carla', 'M', '2041.00', 1),
(734, '2013-06-16', 1, 'T00730', 'Gauthier', 'Mathéo', 'M', '1145.00', 1),
(735, '2013-08-19', 0, 'M00731', 'Morin', 'Enzo', 'F', '1442.00', 1),
(736, '2011-08-15', 0, 'T00732', 'Schneider', 'Raphaël', 'F', '1788.00', 1),
(737, '2011-12-10', 1, 'C00733', 'Fabre', 'Célia', 'F', '2481.00', 1),
(738, '2011-11-11', 0, 'T00734', 'Olivier', 'Clara', 'F', '2350.00', 1),
(739, '2013-07-08', 1, 'T00735', 'Fernandez', 'Arthur', 'M', '1749.00', 1),
(740, '2012-10-24', 0, 'T00736', 'Carpentier', 'Julien', 'M', '2050.00', 1),
(741, '2012-04-13', 1, 'T00737', 'Bertrand', 'Marie', 'M', '2166.00', 1),
(742, '2012-08-24', 0, 'T00738', 'Sanchez', 'Axel', 'M', '1598.00', 1),
(743, '2011-03-25', 0, 'T00739', 'Garnier', 'Maëlys', 'M', '1631.00', 1),
(744, '2012-01-28', 1, 'T00740', 'Marchand', 'Célia', 'F', '2328.00', 1),
(745, '2013-01-02', 0, 'T00741', 'Pierre', 'Mathéo', 'F', '1673.00', 1),
(746, '2013-03-10', 0, 'T00742', 'David', 'Mohamed', 'M', '1581.00', 1),
(747, '2011-09-09', 0, 'T00743', 'Dupuis', 'Alice', 'F', '2388.00', 1),
(748, '2010-02-15', 1, 'M00744', 'Breton', 'Tom', 'F', '1694.00', 1),
(749, '2012-06-28', 1, 'T00745', 'Lemaire', 'Thomas', 'F', '1785.00', 1),
(750, '2010-07-14', 0, 'C00746', 'Leclercq', 'Alice', 'M', '1167.00', 1),
(751, '2015-09-09', 0, 'T00747', 'Guerin', 'Lola', 'M', '2449.00', 1),
(752, '2011-02-04', 0, 'T00748', 'Durand', 'Noah', 'M', '1571.00', 1),
(753, '2010-03-13', 0, 'M00749', 'Martin', 'Lucie', 'F', '1619.00', 1),
(754, '2011-10-17', 0, 'C00750', 'Guillot', 'Maeva', 'M', '1329.00', 1),
(755, '2015-03-28', 0, 'T00751', 'Chevalier', 'Juliette', 'M', '1112.00', 1),
(756, '2011-07-06', 0, 'C00752', 'Garnier', 'Adrien', 'F', '1960.00', 1),
(757, '2014-08-28', 1, 'T00753', 'Brunet', 'Chloé', 'F', '1507.00', 1),
(758, '2011-10-20', 0, 'T00754', 'Renault', 'Gabriel', 'M', '2189.00', 1),
(759, '2014-08-19', 0, 'T00755', 'Dumont', 'Ines', 'M', '2418.00', 1),
(760, '2012-05-07', 1, 'T00756', 'Fleury', 'Sarah', 'F', '2090.00', 1),
(761, '2015-10-06', 1, 'M00757', 'Dumont', 'Baptiste', 'M', '1351.00', 1),
(762, '2011-03-14', 1, 'T00758', 'Renault', 'Nicolas', 'F', '1153.00', 1),
(763, '2011-02-26', 0, 'M00759', 'Roger', 'Lena', 'F', '1529.00', 1),
(764, '2015-12-03', 1, 'M00760', 'Masson', 'Paul', 'F', '2119.00', 1),
(765, '2015-09-08', 1, 'T00761', 'Adam', 'Maëlle', 'F', '1101.00', 1),
(766, '2011-08-10', 0, 'T00762', 'Pons', 'Mathilde', 'M', '1179.00', 1),
(767, '2010-05-11', 1, 'M00763', 'Baron', 'Lucas', 'F', '1969.00', 1),
(768, '2013-08-26', 1, 'T00764', 'Martinez', 'Emilie', 'F', '1390.00', 1),
(769, '2014-11-29', 1, 'T00765', 'Lefevre', 'Zoe', 'M', '1370.00', 1),
(770, '2013-10-27', 1, 'T00766', 'Robin', 'Julien', 'F', '1644.00', 1),
(771, '2014-09-23', 0, 'T00767', 'Dumont', 'Zoe', 'M', '2291.00', 1),
(772, '2015-02-28', 0, 'C00768', 'Olivier', 'Evan', 'M', '2258.00', 1),
(773, '2010-06-04', 0, 'T00769', 'Bernard', 'Océane', 'M', '2098.00', 1),
(774, '2015-02-15', 1, 'T00770', 'Vidal', 'Jeanne', 'M', '1678.00', 1),
(775, '2011-04-29', 0, 'T00771', 'Pierre', 'Romain', 'F', '1646.00', 1),
(776, '2010-06-09', 0, 'T00772', 'Perez', 'Maxence', 'M', '2020.00', 1),
(777, '2011-02-02', 0, 'C00773', 'Gonzalez', 'Thomas', 'M', '1426.00', 1),
(778, '2010-02-12', 1, 'T00774', 'Guyot', 'Lucas', 'F', '1697.00', 1),
(779, '2011-12-04', 0, 'T00775', 'Blanc', 'Lucie', 'M', '1438.00', 1),
(780, '2013-07-16', 1, 'M00776', 'David', 'Romain', 'M', '2154.00', 1),
(781, '2010-03-30', 0, 'T00777', 'Pons', 'Adrien', 'F', '1343.00', 1),
(782, '2015-10-23', 0, 'T00778', 'Riviere', 'Julien', 'M', '2133.00', 1),
(783, '2011-12-19', 0, 'T00779', 'Martinez', 'Kylian', 'F', '2176.00', 1),
(784, '2012-03-04', 1, 'T00780', 'Carre', 'Maxence', 'F', '2067.00', 1),
(785, '2011-02-01', 0, 'T00781', 'Barre', 'Julie', 'M', '1504.00', 1),
(786, '2012-01-06', 1, 'T00782', 'Blanc', 'Ambre', 'F', '1024.00', 1),
(787, '2014-10-07', 0, 'C00783', 'Cousin', 'Chloé', 'F', '2409.00', 1),
(788, '2013-04-12', 0, 'T00784', 'Petit', 'Gabriel', 'F', '1538.00', 1),
(789, '2011-04-20', 0, 'C00785', 'Perrin', 'Gabriel', 'M', '1044.00', 1),
(790, '2014-05-10', 0, 'C00786', 'Marty', 'Lina', 'F', '1724.00', 1),
(791, '2010-06-16', 0, 'T00787', 'Baron', 'Noa', 'F', '1711.00', 1),
(792, '2013-09-25', 0, 'T00788', 'Aubry', 'Mohamed', 'F', '1374.00', 1),
(793, '2010-07-16', 0, 'T00789', 'Deschamps', 'Ambre', 'M', '1772.00', 1),
(794, '2011-10-11', 0, 'T00790', 'Dumont', 'Zoe', 'M', '1923.00', 1),
(795, '2011-11-14', 1, 'T00791', 'Da silva', 'Justine', 'M', '1873.00', 1),
(796, '2015-08-18', 1, 'T00792', 'Jacquet', 'Raphaël', 'M', '1446.00', 1),
(797, '2014-05-13', 1, 'T00793', 'Masson', 'Mattéo', 'M', '1346.00', 1),
(798, '2010-01-25', 1, 'M00794', 'Denis', 'Rayan', 'M', '1820.00', 1),
(799, '2010-12-22', 1, 'T00795', 'Collet', 'Lucie', 'M', '1285.00', 1),
(800, '2010-05-27', 0, 'T00796', 'Sanchez', 'Ethan', 'F', '2321.00', 1),
(801, '2012-08-24', 1, 'T00797', 'Roger', 'Mathilde', 'M', '1202.00', 1),
(802, '2012-05-08', 1, 'T00798', 'Lacroix', 'Julien', 'F', '2247.00', 1),
(803, '2013-07-03', 0, 'C00799', 'Marie', 'Clémence', 'M', '1013.00', 1),
(804, '2013-03-07', 0, 'M00800', 'Clement', 'Louise', 'F', '1991.00', 1),
(805, '2010-09-19', 1, 'T00801', 'Remy', 'Julien', 'M', '2357.00', 1),
(806, '2011-09-04', 0, 'C00802', 'Fontaine', 'Adrien', 'M', '1373.00', 1),
(807, '2010-05-03', 0, 'T00803', 'Nicolas', 'Carla', 'F', '2330.00', 1),
(808, '2011-12-02', 1, 'T00804', 'Baron', 'Justine', 'F', '1045.00', 1),
(809, '2013-07-09', 0, 'M00805', 'Andre', 'Ethan', 'M', '1658.00', 1),
(810, '2010-11-11', 1, 'T00806', 'Giraud', 'Victor', 'F', '1742.00', 1),
(811, '2015-08-24', 0, 'T00807', 'Nguyen', 'Léa', 'F', '2275.00', 1),
(812, '2011-09-17', 0, 'T00808', 'Dupuy', 'Maëlys', 'F', '1201.00', 1),
(813, '2015-06-03', 0, 'M00809', 'Perrot', 'Benjamin', 'M', '1836.00', 1),
(814, '2010-03-10', 0, 'C00810', 'Menard', 'Lou', 'F', '1502.00', 1),
(815, '2012-12-09', 0, 'M00811', 'Guillaume', 'Mohamed', 'M', '1609.00', 1),
(816, '2012-09-11', 0, 'C00812', 'Guyot', 'Mathilde', 'M', '1325.00', 1),
(817, '2013-07-14', 1, 'T00813', 'Barre', 'Mael', 'M', '1500.00', 1),
(818, '2014-10-23', 1, 'T00814', 'Robert', 'Adrien', 'M', '2217.00', 1),
(819, '2015-07-12', 0, 'T00815', 'Leroux', 'Gabriel', 'M', '1393.00', 1),
(820, '2015-06-29', 1, 'T00816', 'Garcia', 'Laura', 'F', '1564.00', 1),
(821, '2012-04-22', 0, 'C00817', 'Charpentier', 'Mael', 'F', '1833.00', 1),
(822, '2015-02-08', 1, 'T00818', 'Royer', 'Louise', 'M', '1872.00', 1),
(823, '2010-12-24', 0, 'M00819', 'Lambert', 'Léa', 'F', '1136.00', 1),
(824, '2012-04-08', 0, 'T00820', 'Laurent', 'Mael', 'F', '1746.00', 1),
(825, '2010-02-08', 0, 'C00821', 'Prevost', 'Noa', 'M', '1405.00', 1),
(826, '2014-01-03', 0, 'T00822', 'Huet', 'Justine', 'M', '2006.00', 1),
(827, '2015-11-01', 0, 'T00823', 'Meyer', 'Camille', 'F', '1454.00', 1),
(828, '2012-07-12', 0, 'C00824', 'Joly', 'Eva', 'F', '1402.00', 1),
(829, '2010-11-28', 1, 'C00825', 'Renard', 'Léo', 'M', '1315.00', 1),
(830, '2014-05-09', 0, 'T00826', 'Aubry', 'Zoe', 'M', '2222.00', 1),
(831, '2010-11-15', 1, 'T00827', 'Richard', 'Quentin', 'F', '1880.00', 1),
(832, '2015-06-09', 1, 'T00828', 'Perrin', 'Ines', 'M', '2110.00', 1),
(833, '2011-06-28', 1, 'C00829', 'Remy', 'Hugo', 'F', '2474.00', 1),
(834, '2012-04-04', 1, 'T00830', 'Le roux', 'Mathéo', 'M', '1374.00', 1),
(835, '2010-06-29', 0, 'M00831', 'Dupuis', 'Adam', 'F', '1072.00', 1),
(836, '2010-06-20', 0, 'T00832', 'Bonnet', 'Axel', 'F', '1292.00', 1),
(837, '2013-09-27', 1, 'M00833', 'Lecomte', 'Lina', 'F', '1819.00', 1),
(838, '2012-01-14', 1, 'T00834', 'Gerard', 'Océane', 'F', '1017.00', 1),
(839, '2015-06-14', 0, 'T00835', 'Julien', 'Yanis', 'M', '1500.00', 1),
(840, '2014-07-19', 0, 'T00836', 'Dubois', 'Ines', 'F', '1956.00', 1),
(841, '2013-06-18', 1, 'T00837', 'Dumas', 'Emilie', 'F', '1124.00', 1),
(842, '2013-12-16', 0, 'T00838', 'Moulin', 'Mattéo', 'M', '1038.00', 1),
(843, '2012-01-15', 0, 'T00839', 'Lemaire', 'Camille', 'M', '2468.00', 1),
(844, '2015-10-05', 0, 'T00840', 'Leclerc', 'Jeanne', 'M', '1948.00', 1),
(845, '2015-11-21', 1, 'T00841', 'Meunier', 'Victor', 'M', '1444.00', 1),
(846, '2010-05-30', 1, 'T00842', 'Lambert', 'Juliette', 'F', '1224.00', 1),
(847, '2014-07-24', 1, 'C00843', 'Lemaire', 'Maeva', 'F', '1331.00', 1),
(848, '2015-02-26', 1, 'M00844', 'Benoit', 'Louis', 'M', '1047.00', 1),
(849, '2015-06-11', 0, 'C00845', 'Martinez', 'Maxime', 'F', '2206.00', 1),
(850, '2015-03-27', 0, 'M00846', 'Menard', 'Romane', 'M', '2383.00', 1),
(851, '2012-11-02', 1, 'T00847', 'Lemoine', 'Gabriel', 'M', '1670.00', 1),
(852, '2013-06-02', 0, 'T00848', 'Fournier', 'Evan', 'M', '2081.00', 1),
(853, '2011-12-21', 0, 'T00849', 'Charpentier', 'Lina', 'F', '1545.00', 1),
(854, '2015-01-25', 1, 'T00850', 'Le roux', 'Louis', 'M', '1428.00', 1),
(855, '2014-01-08', 0, 'T00851', 'Muller', 'Axel', 'F', '1172.00', 1),
(856, '2015-10-19', 1, 'T00852', 'Colin', 'Camille', 'M', '2005.00', 1),
(857, '2010-05-26', 0, 'T00853', 'Leroy', 'Paul', 'M', '2279.00', 1),
(858, '2013-04-15', 1, 'T00854', 'Aubert', 'Océane', 'M', '1120.00', 1),
(859, '2012-05-08', 1, 'M00855', 'Benoit', 'Louna', 'M', '2179.00', 1),
(860, '2013-05-22', 1, 'T00856', 'Dufour', 'Evan', 'M', '2331.00', 1),
(861, '2011-08-14', 1, 'T00857', 'Hubert', 'Rayan', 'M', '1986.00', 1),
(862, '2010-08-26', 0, 'M00858', 'Pierre', 'Lola', 'M', '1339.00', 1),
(863, '2014-06-13', 0, 'T00859', 'Legrand', 'Maeva', 'F', '1039.00', 1),
(864, '2011-10-09', 0, 'C00860', 'Vasseur', 'Hugo', 'F', '1323.00', 1),
(865, '2014-12-26', 0, 'C00861', 'Gonzalez', 'Camille', 'F', '2004.00', 1),
(866, '2011-02-21', 0, 'C00862', 'Benoit', 'Elisa', 'M', '1618.00', 1),
(867, '2013-08-17', 0, 'M00863', 'Petit', 'Lilou', 'F', '2358.00', 1),
(868, '2013-01-13', 1, 'M00864', 'Giraud', 'Romane', 'M', '2056.00', 1),
(869, '2012-11-14', 0, 'M00865', 'Lacroix', 'Juliette', 'F', '2109.00', 1),
(870, '2015-06-20', 1, 'T00866', 'Muller', 'Adam', 'F', '2259.00', 1),
(871, '2010-04-30', 0, 'T00867', 'Durand', 'Maëlle', 'M', '1263.00', 1),
(872, '2014-09-28', 0, 'M00868', 'Julien', 'Hugo', 'M', '2320.00', 1),
(873, '2011-12-20', 0, 'C00869', 'Perez', 'Paul', 'F', '1661.00', 1),
(874, '2015-06-13', 1, 'M00870', 'Olivier', 'Sarah', 'M', '1869.00', 1),
(875, '2015-05-09', 0, 'T00871', 'Perrot', 'Louis', 'M', '2196.00', 1),
(876, '2012-09-14', 0, 'T00872', 'Moreau', 'Alexandre', 'M', '2314.00', 1),
(877, '2012-06-11', 1, 'T00873', 'Francois', 'Sarah', 'F', '1324.00', 1),
(878, '2014-09-05', 0, 'T00874', 'Renard', 'Victor', 'F', '1205.00', 1),
(879, '2011-07-01', 0, 'T00875', 'Dumont', 'Emilie', 'F', '2247.00', 1),
(880, '2014-10-03', 1, 'M00876', 'David', 'Maxime', 'F', '1897.00', 1),
(881, '2012-05-19', 1, 'T00877', 'Andre', 'Paul', 'F', '1563.00', 1),
(882, '2015-01-20', 0, 'T00878', 'Da silva', 'Lucas', 'F', '2044.00', 1),
(883, '2012-01-16', 1, 'T00879', 'Dupuy', 'Thomas', 'M', '2071.00', 1),
(884, '2010-10-07', 1, 'T00880', 'Guillaume', 'Léo', 'F', '2056.00', 1),
(885, '2010-07-11', 1, 'T00881', 'Perrot', 'Antoine', 'F', '1364.00', 1),
(886, '2013-08-15', 0, 'T00882', 'Vasseur', 'Pauline', 'F', '2339.00', 1),
(887, '2011-02-27', 0, 'T00883', 'Lacroix', 'Mathilde', 'M', '2111.00', 1),
(888, '2011-01-17', 1, 'T00884', 'Guyot', 'Lina', 'M', '2063.00', 1),
(889, '2010-08-31', 1, 'T00885', 'Bernard', 'Julien', 'M', '2326.00', 1),
(890, '2011-06-28', 1, 'T00886', 'Le roux', 'Adam', 'M', '1448.00', 1),
(891, '2013-06-08', 0, 'T00887', 'Hubert', 'Mohamed', 'F', '2156.00', 1),
(892, '2014-04-19', 0, 'T00888', 'Martinez', 'Sacha', 'M', '1525.00', 1),
(893, '2013-03-25', 0, 'T00889', 'Julien', 'Raphaël', 'M', '1868.00', 1),
(894, '2011-04-21', 1, 'T00890', 'Robin', 'Kylian', 'M', '2262.00', 1),
(895, '2014-11-25', 1, 'T00891', 'Leclerc', 'Carla', 'M', '2007.00', 1),
(896, '2013-02-10', 1, 'C00892', 'Paul', 'Benjamin', 'F', '2315.00', 1),
(897, '2013-07-15', 0, 'T00893', 'Pierre', 'Nathan', 'F', '1971.00', 1),
(898, '2011-10-30', 0, 'M00894', 'Laurent', 'Léa', 'F', '1489.00', 1),
(899, '2013-11-24', 1, 'T00895', 'Jean', 'Axel', 'M', '2257.00', 1),
(900, '2013-10-02', 1, 'M00896', 'Benoit', 'Lisa', 'M', '2427.00', 1),
(901, '2010-04-24', 0, 'C00897', 'Cousin', 'Thomas', 'M', '1349.00', 1),
(902, '2010-06-04', 0, 'T00898', 'Dubois', 'Maeva', 'F', '1311.00', 1),
(903, '2010-12-15', 1, 'T00899', 'Philippe', 'Maëlys', 'M', '2389.00', 1),
(904, '2012-12-24', 0, 'T00900', 'Caron', 'Romane', 'M', '2021.00', 1),
(905, '2011-12-18', 1, 'M00901', 'Roussel', 'Lena', 'F', '2190.00', 1),
(906, '2014-08-24', 0, 'C00902', 'Riviere', 'Noémie', 'M', '1012.00', 1),
(907, '2010-12-05', 1, 'M00903', 'Sanchez', 'Océane', 'F', '1585.00', 1),
(908, '2015-06-24', 0, 'M00904', 'Dubois', 'Louise', 'M', '1366.00', 1),
(909, '2014-09-11', 0, 'T00905', 'Francois', 'Rayan', 'M', '1500.00', 1),
(910, '2015-02-04', 0, 'T00906', 'Julien', 'Noah', 'F', '2338.00', 1),
(911, '2012-06-29', 0, 'T00907', 'Barbier', 'Louise', 'F', '2105.00', 1),
(912, '2012-10-23', 0, 'T00908', 'Martinez', 'Célia', 'M', '2010.00', 1),
(913, '2013-01-23', 0, 'C00909', 'Francois', 'Léa', 'M', '1643.00', 1),
(914, '2010-01-22', 1, 'T00910', 'Noel', 'Rayan', 'M', '1912.00', 1),
(915, '2013-05-07', 0, 'M00911', 'Clement', 'Ines', 'F', '1789.00', 1),
(916, '2013-05-08', 0, 'T00912', 'Colin', 'Thomas', 'F', '1923.00', 1),
(917, '2012-10-23', 0, 'T00913', 'Lecomte', 'Adrien', 'F', '2371.00', 1),
(918, '2013-07-22', 1, 'M00914', 'Lefebvre', 'Jade', 'F', '1628.00', 1),
(919, '2011-09-27', 1, 'T00915', 'Arnaud', 'Hugo', 'M', '2226.00', 1),
(920, '2015-10-08', 1, 'T00916', 'Carpentier', 'Lou', 'M', '1713.00', 1),
(921, '2012-10-25', 1, 'T00917', 'Deschamps', 'Mathis', 'M', '1595.00', 1),
(922, '2013-05-19', 0, 'T00918', 'Schneider', 'Carla', 'F', '2268.00', 1),
(923, '2011-03-31', 1, 'M00919', 'Guyot', 'Anaïs', 'F', '1843.00', 1),
(924, '2013-01-30', 1, 'T00920', 'Rodriguez', 'Mathéo', 'M', '2472.00', 1),
(925, '2012-08-05', 1, 'M00921', 'Guillaume', 'Jules', 'M', '1716.00', 1),
(926, '2012-01-03', 1, 'T00922', 'Bourgeois', 'Gabriel', 'F', '1227.00', 1),
(927, '2010-11-19', 0, 'T00923', 'Fabre', 'Adrien', 'M', '1021.00', 1),
(928, '2010-06-12', 0, 'M00924', 'Lopez', 'Léa', 'M', '1165.00', 1),
(929, '2015-11-26', 0, 'T00925', 'Dufour', 'Quentin', 'F', '2428.00', 1),
(930, '2012-02-08', 1, 'T00926', 'Caron', 'Julie', 'F', '2427.00', 1),
(931, '2013-04-22', 0, 'M00927', 'Perrin', 'Jules', 'M', '1072.00', 1),
(932, '2014-09-01', 1, 'T00928', 'Girard', 'Maëlle', 'M', '1372.00', 1),
(933, '2012-12-22', 0, 'T00929', 'Benoit', 'Maxime', 'F', '1561.00', 1),
(934, '2014-04-12', 1, 'T00930', 'Guerin', 'Mohamed', 'F', '1759.00', 1),
(935, '2015-01-03', 1, 'T00931', 'Fontaine', 'Clément', 'F', '1319.00', 1),
(936, '2011-10-13', 0, 'T00932', 'Caron', 'Alexis', 'M', '1754.00', 1),
(937, '2011-01-14', 0, 'T00933', 'Colin', 'Clara', 'F', '1222.00', 1),
(938, '2011-04-05', 0, 'T00934', 'Clement', 'Emilie', 'F', '1401.00', 1),
(939, '2010-06-15', 0, 'T00935', 'Collet', 'Océane', 'M', '1564.00', 1),
(940, '2012-02-25', 1, 'T00936', 'Chevalier', 'Alicia', 'F', '2446.00', 1),
(941, '2010-02-24', 0, 'T00937', 'Girard', 'Célia', 'M', '1217.00', 1),
(942, '2013-12-01', 1, 'T00938', 'Guillot', 'Pauline', 'F', '1750.00', 1),
(943, '2015-09-29', 0, 'T00939', 'Dupont', 'Maeva', 'F', '1733.00', 1),
(944, '2015-02-19', 1, 'T00940', 'Perez', 'Nathan', 'M', '2228.00', 1),
(945, '2011-08-10', 1, 'T00941', 'Lambert', 'Lisa', 'M', '1911.00', 1),
(946, '2011-10-03', 1, 'T00942', 'Laine', 'Enzo', 'M', '1354.00', 1),
(947, '2011-08-14', 0, 'M00943', 'Dufour', 'Baptiste', 'F', '1632.00', 1),
(948, '2010-11-07', 1, 'T00944', 'Richard', 'Baptiste', 'M', '1708.00', 1),
(949, '2011-02-26', 0, 'T00945', 'Fontaine', 'Justine', 'F', '1151.00', 1),
(950, '2011-06-22', 1, 'T00946', 'Royer', 'Maëlle', 'F', '1765.00', 1),
(951, '2012-12-20', 1, 'T00947', 'Robert', 'Lilou', 'M', '1041.00', 1),
(952, '2013-10-26', 1, 'C00948', 'Laine', 'Chloé', 'F', '2195.00', 1),
(953, '2012-11-07', 0, 'M00949', 'Petit', 'Noah', 'M', '2010.00', 1),
(954, '2015-05-30', 1, 'T00950', 'Hubert', 'Mael', 'F', '1238.00', 1),
(955, '2014-03-28', 0, 'T00951', 'Remy', 'Antoine', 'F', '1799.00', 1),
(956, '2012-03-04', 0, 'T00952', 'Berger', 'Axel', 'F', '1332.00', 1),
(957, '2014-06-27', 0, 'T00953', 'Blanc', 'Louise', 'F', '2260.00', 1),
(958, '2011-08-28', 1, 'M00954', 'Girard', 'Sarah', 'M', '2313.00', 1),
(959, '2013-04-20', 0, 'C00955', 'Caron', 'Thomas', 'M', '1993.00', 1),
(960, '2011-07-02', 1, 'T00956', 'Legrand', 'Paul', 'M', '1616.00', 1),
(961, '2012-01-05', 0, 'C00957', 'Garcia', 'Maëlys', 'F', '1214.00', 1),
(962, '2010-10-14', 0, 'T00958', 'Michel', 'Léo', 'M', '1923.00', 1),
(963, '2014-02-02', 0, 'T00959', 'Renault', 'Lucas', 'F', '1972.00', 1),
(964, '2013-04-17', 0, 'M00960', 'Rousseau', 'Adam', 'M', '2320.00', 1),
(965, '2010-05-17', 1, 'T00961', 'Gonzalez', 'Jules', 'F', '1027.00', 1),
(966, '2010-04-29', 0, 'T00962', 'Guyot', 'Antoine', 'F', '1458.00', 1),
(967, '2014-08-28', 1, 'M00963', 'Boyer', 'Mael', 'M', '2328.00', 1),
(968, '2015-11-05', 1, 'C00964', 'Gauthier', 'Romain', 'F', '1806.00', 1),
(969, '2013-10-07', 0, 'T00965', 'Giraud', 'Alice', 'M', '2074.00', 1),
(970, '2010-01-17', 1, 'T00966', 'Gauthier', 'Mathéo', 'M', '1333.00', 1),
(971, '2015-04-13', 0, 'T00967', 'Laurent', 'Evan', 'F', '1347.00', 1),
(972, '2011-12-07', 0, 'C00968', 'Blanc', 'Eva', 'F', '1116.00', 1),
(973, '2013-11-09', 1, 'T00969', 'Arnaud', 'Louis', 'M', '1461.00', 1),
(974, '2012-03-17', 1, 'T00970', 'Meunier', 'Nathan', 'M', '1682.00', 1),
(975, '2012-01-22', 1, 'T00971', 'Gonzalez', 'Maëlys', 'F', '1199.00', 1),
(976, '2010-11-29', 0, 'T00972', 'Collet', 'Baptiste', 'M', '1530.00', 1),
(977, '2013-08-25', 1, 'T00973', 'Breton', 'Lola', 'M', '1008.00', 1),
(978, '2014-10-20', 0, 'T00974', 'Dumont', 'Nathan', 'M', '1458.00', 1),
(979, '2013-01-12', 1, 'T00975', 'Huet', 'Adam', 'M', '1445.00', 1),
(980, '2014-11-06', 1, 'M00976', 'Charpentier', 'Ambre', 'M', '2081.00', 1),
(981, '2014-03-18', 1, 'T00977', 'Le gall', 'Maeva', 'M', '1984.00', 1),
(982, '2013-02-24', 0, 'T00978', 'Charpentier', 'Maxence', 'F', '2385.00', 1),
(983, '2015-09-13', 1, 'T00979', 'Bonnet', 'Maëlle', 'M', '1254.00', 1),
(984, '2012-06-05', 1, 'T00980', 'Le gall', 'Julie', 'M', '1651.00', 1),
(985, '2012-02-16', 1, 'T00981', 'Maillard', 'Mélissa', 'M', '2432.00', 1),
(986, '2015-08-18', 1, 'C00982', 'Henry', 'Laura', 'M', '2136.00', 1),
(987, '2012-04-06', 1, 'C00983', 'Riviere', 'Louise', 'M', '1022.00', 1),
(988, '2011-08-31', 0, 'T00984', 'Gauthier', 'Mélissa', 'M', '1399.00', 1),
(989, '2015-08-03', 0, 'T00985', 'Vasseur', 'Antoine', 'F', '2083.00', 1),
(990, '2011-04-07', 1, 'T00986', 'Vasseur', 'Camille', 'F', '1721.00', 1),
(991, '2015-04-27', 1, 'C00987', 'Noel', 'Valentin', 'F', '2270.00', 1),
(992, '2012-08-28', 0, 'T00988', 'Carpentier', 'Maxime', 'M', '1491.00', 1),
(993, '2012-10-09', 0, 'M00989', 'Leclerc', 'Romane', 'M', '1980.00', 1),
(994, '2015-12-09', 0, 'C00990', 'Dumont', 'Clara', 'M', '2054.00', 1),
(995, '2014-06-08', 1, 'T00991', 'Leroux', 'Lena', 'F', '1653.00', 1),
(996, '2015-02-10', 0, 'T00992', 'Paul', 'Benjamin', 'M', '1531.00', 1),
(997, '2013-02-14', 1, 'T00993', 'Lefevre', 'Clara', 'F', '1742.00', 1),
(998, '2015-10-14', 0, 'T00994', 'Louis', 'Noa', 'F', '1802.00', 1),
(999, '2010-09-22', 1, 'T00995', 'Charles', 'Gabriel', 'M', '1863.00', 1),
(1000, '2015-07-08', 1, 'C00996', 'Laine', 'Jade', 'F', '1848.00', 1),
(1001, '2011-04-10', 0, 'T00997', 'Royer', 'Nathan', 'M', '1023.00', 1),
(1002, '2010-07-19', 0, 'C00998', 'Dumas', 'Manon', 'F', '1880.00', 1),
(1003, '2012-12-26', 0, 'M00999', 'Noel', 'Mael', 'F', '2098.00', 1),
(1004, '2015-05-01', 0, 'T01000', 'Meunier', 'Romane', 'M', '2156.00', 1),
(1005, '2015-06-06', 1, 'M01001', 'Rey', 'Océane', 'F', '2459.00', 1),
(1006, '2015-07-19', 1, 'T01002', 'Aubert', 'Kylian', 'M', '1840.00', 1),
(1007, '2010-05-12', 1, 'M01003', 'Paris', 'Clément', 'M', '2275.00', 1),
(1008, '2014-06-20', 0, 'M01004', 'Brunet', 'Axel', 'F', '1201.00', 1),
(1009, '2011-10-08', 0, 'T01005', 'Royer', 'Lisa', 'F', '2038.00', 1),
(1010, '2012-04-01', 1, 'T01006', 'Dubois', 'Océane', 'M', '2466.00', 1),
(1011, '2014-12-14', 0, 'C01007', 'Meunier', 'Quentin', 'M', '1167.00', 1),
(1012, '2015-08-17', 1, 'T01008', 'Gonzalez', 'Rayan', 'M', '1945.00', 1),
(1013, '2014-11-18', 0, 'T01009', 'Adam', 'Raphaël', 'M', '1046.00', 1),
(1014, '2011-10-15', 0, 'T01010', 'Dupuy', 'Maëlle', 'F', '1378.00', 1),
(1015, '2010-12-07', 0, 'T01011', 'Robert', 'Mathis', 'M', '1119.00', 1),
(1016, '2014-08-14', 1, 'T01012', 'Colin', 'Adam', 'F', '1162.00', 1),
(1017, '2010-03-23', 1, 'T01013', 'Duval', 'Julie', 'M', '1806.00', 1),
(1018, '2015-05-23', 0, 'T01014', 'Hubert', 'Ambre', 'F', '1447.00', 1),
(1019, '2014-03-30', 1, 'T01015', 'Adam', 'Louise', 'M', '1583.00', 1),
(1020, '2012-01-17', 1, 'T01016', 'Duval', 'Mael', 'M', '2498.00', 1),
(1021, '2015-09-16', 0, 'T01017', 'Nicolas', 'Evan', 'F', '1911.00', 1),
(1022, '2014-04-12', 0, 'T01018', 'Leroux', 'Noémie', 'F', '1807.00', 1),
(1023, '2010-10-24', 0, 'M01019', 'Jacquet', 'Raphaël', 'M', '1195.00', 1),
(1024, '2015-10-14', 0, 'T01020', 'Fontaine', 'Julien', 'M', '1673.00', 1),
(1025, '2010-01-11', 0, 'T01021', 'Giraud', 'Mathilde', 'F', '1063.00', 1),
(1026, '2013-07-27', 1, 'T01022', 'Leroy', 'Louis', 'M', '1857.00', 1),
(1027, '2013-09-28', 1, 'T01023', 'Dupont', 'Lilou', 'F', '2213.00', 1),
(1028, '2015-05-28', 0, 'T01024', 'Giraud', 'Noa', 'M', '1441.00', 1),
(1029, '2012-10-12', 0, 'T01025', 'Le gall', 'Lou', 'F', '1185.00', 1),
(1030, '2010-06-15', 0, 'C01026', 'Brun', 'Romain', 'F', '2447.00', 1),
(1031, '2011-05-11', 1, 'T01027', 'Breton', 'Maëlle', 'M', '1537.00', 1),
(1032, '2013-01-28', 0, 'T01028', 'Fournier', 'Mathilde', 'M', '2078.00', 1),
(1033, '2013-02-03', 1, 'T01029', 'Breton', 'Mathis', 'M', '2401.00', 1),
(1034, '2014-02-03', 1, 'T01030', 'Deschamps', 'Louise', 'F', '2006.00', 1),
(1035, '2014-01-26', 0, 'T01031', 'Aubert', 'Lola', 'F', '1261.00', 1),
(1036, '2011-03-15', 1, 'M01032', 'Charpentier', 'Mélissa', 'M', '2151.00', 1),
(1037, '2010-11-21', 1, 'M01033', 'Garcia', 'Juliette', 'M', '2281.00', 1),
(1038, '2010-08-16', 0, 'T01034', 'Vincent', 'Nicolas', 'F', '1860.00', 1),
(1039, '2014-03-17', 0, 'T01035', 'Rolland', 'Julie', 'M', '1344.00', 1),
(1040, '2010-11-29', 0, 'C01036', 'Berger', 'Nicolas', 'F', '1949.00', 1),
(1041, '2010-08-11', 0, 'C01037', 'Gerard', 'Lola', 'M', '1522.00', 1),
(1042, '2010-02-08', 0, 'T01038', 'Rodriguez', 'Julien', 'F', '1218.00', 1),
(1043, '2014-10-31', 1, 'M01039', 'Roger', 'Jade', 'M', '2067.00', 1),
(1044, '2014-08-25', 0, 'M01040', 'Julien', 'Alicia', 'F', '2110.00', 1),
(1045, '2011-04-03', 1, 'T01041', 'Charles', 'Jules', 'F', '2334.00', 1),
(1046, '2012-04-06', 0, 'C01042', 'Royer', 'Antoine', 'M', '1676.00', 1),
(1047, '2013-08-01', 1, 'C01043', 'Marty', 'Tom', 'M', '2285.00', 1),
(1048, '2010-12-13', 1, 'T01044', 'Clement', 'Théo', 'M', '1713.00', 1),
(1049, '2010-03-25', 0, 'T01045', 'Fontaine', 'Maeva', 'M', '1812.00', 1),
(1050, '2015-04-27', 0, 'T01046', 'Adam', 'Laura', 'F', '2255.00', 1),
(1051, '2014-06-28', 0, 'M01047', 'Robert', 'Maëlys', 'F', '2194.00', 1),
(1052, '2010-06-02', 1, 'T01048', 'Deschamps', 'Alexis', 'F', '2198.00', 1),
(1053, '2013-03-07', 1, 'C01049', 'Leroy', 'Océane', 'F', '2423.00', 1),
(1054, '2013-11-25', 1, 'T01050', 'Boyer', 'Noémie', 'M', '1066.00', 1),
(1055, '2012-02-08', 0, 'T01051', 'Lambert', 'Manon', 'F', '1574.00', 1),
(1056, '2011-06-25', 1, 'M01052', 'Berger', 'Laura', 'M', '1491.00', 1),
(1057, '2015-09-03', 0, 'T01053', 'Dumont', 'Jade', 'F', '1735.00', 1),
(1058, '2012-03-12', 1, 'T01054', 'Marchal', 'Axel', 'M', '1906.00', 1),
(1059, '2013-11-01', 1, 'T01055', 'Meyer', 'Hugo', 'F', '1366.00', 1),
(1060, '2014-06-20', 1, 'T01056', 'Bourgeois', 'Théo', 'M', '1185.00', 1),
(1061, '2011-11-29', 0, 'T01057', 'Dupuy', 'Louna', 'F', '1147.00', 1),
(1062, '2015-01-03', 1, 'T01058', 'Fleury', 'Alexandre', 'F', '2206.00', 1),
(1063, '2010-05-27', 0, 'T01059', 'Benoit', 'Nathan', 'F', '1122.00', 1),
(1064, '2011-11-09', 0, 'C01060', 'Marty', 'Jules', 'M', '2316.00', 1),
(1065, '2014-08-16', 0, 'T01061', 'Noel', 'Nathan', 'M', '1814.00', 1),
(1066, '2011-04-01', 1, 'C01062', 'Carpentier', 'Gabriel', 'F', '1649.00', 1),
(1067, '2010-07-15', 0, 'M01063', 'Hubert', 'Noah', 'F', '1522.00', 1),
(1068, '2013-10-30', 1, 'T01064', 'Paris', 'Elisa', 'M', '1727.00', 1),
(1069, '2015-03-02', 1, 'T01065', 'Marty', 'Lisa', 'M', '1543.00', 1),
(1070, '2014-07-08', 0, 'C01066', 'Jean', 'Camille', 'M', '1702.00', 1),
(1071, '2012-04-17', 1, 'T01067', 'Robert', 'Antoine', 'F', '1465.00', 1),
(1072, '2013-04-04', 0, 'T01068', 'Julien', 'Sarah', 'F', '2269.00', 1),
(1073, '2011-01-03', 0, 'T01069', 'Marchal', 'Hugo', 'F', '2450.00', 1),
(1074, '2013-01-21', 0, 'T01070', 'Garcia', 'Mélissa', 'F', '1489.00', 1),
(1075, '2012-11-09', 1, 'C01071', 'Carre', 'Clara', 'F', '1903.00', 1),
(1076, '2014-06-01', 1, 'T01072', 'Pierre', 'Jules', 'M', '2099.00', 1),
(1077, '2015-10-12', 1, 'T01073', 'Roche', 'Kylian', 'M', '2361.00', 1),
(1078, '2011-04-04', 1, 'T01074', 'Aubert', 'Charlotte', 'M', '2330.00', 1),
(1079, '2010-03-23', 0, 'T01075', 'Muller', 'Adam', 'F', '1966.00', 1),
(1080, '2011-05-01', 1, 'T01076', 'Bernard', 'Benjamin', 'F', '1844.00', 1),
(1081, '2011-12-10', 0, 'T01077', 'Caron', 'Célia', 'F', '1453.00', 1),
(1082, '2010-02-17', 0, 'T01078', 'Clement', 'Tom', 'F', '1823.00', 1),
(1083, '2013-02-09', 1, 'M01079', 'Henry', 'Théo', 'M', '2176.00', 1),
(1084, '2010-05-31', 0, 'T01080', 'Mercier', 'Célia', 'F', '1526.00', 1),
(1085, '2015-02-15', 1, 'C01081', 'Rousseau', 'Mathéo', 'M', '1240.00', 1),
(1086, '2013-09-23', 1, 'T01082', 'Vidal', 'Maxence', 'F', '1300.00', 1),
(1087, '2010-07-10', 0, 'T01083', 'Vincent', 'Maëlys', 'F', '1566.00', 1),
(1088, '2010-04-07', 1, 'T01084', 'Marie', 'Hugo', 'M', '2133.00', 1),
(1089, '2013-01-07', 1, 'T01085', 'Denis', 'Evan', 'F', '1206.00', 1),
(1090, '2014-11-02', 0, 'T01086', 'Hubert', 'Quentin', 'M', '1564.00', 1),
(1091, '2012-07-12', 0, 'M01087', 'Duval', 'Antoine', 'F', '1442.00', 1),
(1092, '2010-06-08', 0, 'T01088', 'Garcia', 'Gabriel', 'M', '1225.00', 1),
(1093, '2012-12-02', 0, 'C01089', 'Vidal', 'Julie', 'F', '1909.00', 1),
(1094, '2014-06-02', 1, 'C01090', 'Roche', 'Axel', 'M', '2272.00', 1),
(1095, '2015-09-27', 0, 'T01091', 'Thomas', 'Théo', 'M', '2337.00', 1),
(1096, '2015-07-27', 1, 'T01092', 'Lemaire', 'Baptiste', 'M', '1686.00', 1),
(1097, '2013-12-14', 0, 'T01093', 'Arnaud', 'Alicia', 'M', '1790.00', 1),
(1098, '2010-03-20', 1, 'T01094', 'Huet', 'Romane', 'M', '1267.00', 1),
(1099, '2011-01-16', 1, 'M01095', 'Breton', 'Maëlys', 'M', '2473.00', 1),
(1100, '2013-03-14', 0, 'C01096', 'Guyot', 'Pierre', 'M', '1149.00', 1),
(1101, '2013-06-28', 1, 'T01097', 'Julien', 'Lisa', 'F', '1239.00', 1),
(1102, '2010-01-01', 0, 'T01098', 'Moreau', 'Pierre', 'F', '2449.00', 1),
(1103, '2011-01-14', 0, 'T01099', 'Colin', 'Zoe', 'M', '1230.00', 1),
(1104, '2010-06-22', 1, 'T01100', 'Cousin', 'Jade', 'M', '1687.00', 1),
(1105, '2015-11-13', 1, 'T01101', 'Morin', 'Valentin', 'M', '1375.00', 1),
(1106, '2013-03-02', 0, 'M01102', 'Garcia', 'Julien', 'M', '2362.00', 1),
(1107, '2011-11-30', 0, 'M01103', 'Barbier', 'Thomas', 'M', '1450.00', 1),
(1108, '2010-11-09', 1, 'T01104', 'Benoit', 'Lena', 'M', '1073.00', 1),
(1109, '2014-09-10', 0, 'T01105', 'Perez', 'Ethan', 'F', '1229.00', 1),
(1110, '2012-05-04', 0, 'M01106', 'Guyot', 'Célia', 'F', '1887.00', 1),
(1111, '2015-01-13', 0, 'C01107', 'Berger', 'Maeva', 'M', '1279.00', 1),
(1112, '2015-09-25', 1, 'T01108', 'Lambert', 'Laura', 'M', '1575.00', 1),
(1113, '2015-12-25', 0, 'T01109', 'Hubert', 'Jeanne', 'F', '1837.00', 1),
(1114, '2011-03-09', 0, 'M01110', 'Poirier', 'Camille', 'M', '1088.00', 1),
(1115, '2011-05-17', 0, 'C01111', 'Andre', 'Juliette', 'M', '1929.00', 1),
(1116, '2014-04-28', 1, 'M01112', 'Robin', 'Léo', 'F', '2131.00', 1),
(1117, '2013-11-26', 0, 'T01113', 'Martin', 'Maeva', 'F', '1260.00', 1),
(1118, '2015-10-02', 0, 'T01114', 'Nguyen', 'Clara', 'M', '1095.00', 1),
(1119, '2013-06-08', 1, 'M01115', 'Deschamps', 'Romain', 'F', '2301.00', 1),
(1120, '2013-12-05', 0, 'C01116', 'Renault', 'Louise', 'F', '1143.00', 1),
(1121, '2011-05-19', 0, 'C01117', 'Marty', 'Léo', 'M', '1108.00', 1),
(1122, '2013-03-09', 0, 'C01118', 'Breton', 'Pierre', 'M', '2331.00', 1),
(1123, '2015-11-15', 1, 'M01119', 'Renaud', 'Mathilde', 'M', '1921.00', 1),
(1124, '2012-07-15', 1, 'T01120', 'Lemoine', 'Ines', 'F', '2103.00', 1),
(1125, '2012-08-29', 0, 'C01121', 'Gaillard', 'Alexandre', 'F', '2353.00', 1),
(1126, '2014-02-19', 0, 'M01122', 'Renault', 'Léo', 'M', '1680.00', 1),
(1127, '2015-07-04', 0, 'T01123', 'Andre', 'Zoe', 'F', '2133.00', 1),
(1128, '2013-09-01', 0, 'T01124', 'Martin', 'Julie', 'M', '1085.00', 1),
(1129, '2011-09-09', 1, 'T01125', 'Laine', 'Adam', 'F', '1992.00', 1),
(1130, '2015-03-26', 0, 'M01126', 'Brun', 'Eva', 'M', '2017.00', 1),
(1131, '2010-11-08', 1, 'T01127', 'Mercier', 'Antoine', 'F', '2192.00', 1),
(1132, '2013-03-10', 0, 'T01128', 'Renault', 'Océane', 'F', '1396.00', 1),
(1133, '2011-02-21', 0, 'T01129', 'Leclercq', 'Jules', 'F', '1196.00', 1),
(1134, '2013-02-19', 1, 'T01130', 'Garcia', 'Arthur', 'M', '1432.00', 1),
(1135, '2010-05-10', 1, 'M01131', 'Perez', 'Noa', 'F', '2068.00', 1),
(1136, '2011-03-28', 0, 'C01132', 'Jacquet', 'Eva', 'F', '2102.00', 1),
(1137, '2010-09-01', 0, 'T01133', 'Roche', 'Alicia', 'F', '1379.00', 1),
(1138, '2010-11-04', 0, 'T01134', 'Masson', 'Lucas', 'F', '1910.00', 1),
(1139, '2012-01-22', 0, 'C01135', 'Benoit', 'Lou', 'M', '1091.00', 1),
(1140, '2010-09-06', 0, 'T01136', 'Julien', 'Mélissa', 'F', '1802.00', 1),
(1141, '2014-04-05', 0, 'C01137', 'Adam', 'Victor', 'M', '2033.00', 1),
(1142, '2011-05-27', 0, 'T01138', 'Guillaume', 'Louis', 'M', '1939.00', 1),
(1143, '2015-06-04', 1, 'T01139', 'Lemaire', 'Alicia', 'M', '2420.00', 1),
(1144, '2011-10-07', 1, 'C01140', 'Julien', 'Clémence', 'M', '1967.00', 1),
(1145, '2014-08-24', 0, 'T01141', 'Sanchez', 'Lucas', 'F', '2135.00', 1),
(1146, '2011-02-16', 0, 'C01142', 'Fournier', 'Baptiste', 'F', '2301.00', 1),
(1147, '2010-09-14', 1, 'T01143', 'Mathieu', 'Enzo', 'F', '2487.00', 1),
(1148, '2011-02-13', 1, 'T01144', 'Benoit', 'Romain', 'F', '2331.00', 1),
(1149, '2015-07-15', 0, 'T01145', 'Marty', 'Tom', 'F', '1648.00', 1),
(1150, '2014-12-23', 1, 'T01146', 'Marie', 'Maëlys', 'M', '1692.00', 1),
(1151, '2010-08-07', 0, 'T01147', 'Morel', 'Jules', 'M', '1177.00', 1),
(1152, '2010-08-24', 0, 'T01148', 'Renault', 'Pierre', 'M', '1014.00', 1),
(1153, '2015-05-03', 0, 'C01149', 'Roux', 'Noémie', 'M', '1423.00', 1),
(1154, '2010-01-13', 1, 'T01150', 'Marchal', 'Maxence', 'M', '1931.00', 1),
(1155, '2010-01-27', 1, 'T01151', 'Bourgeois', 'Enzo', 'F', '1680.00', 1),
(1156, '2014-07-26', 0, 'T01152', 'Dumont', 'Sacha', 'F', '1963.00', 1),
(1157, '2013-05-08', 0, 'T01153', 'Fleury', 'Nathan', 'F', '1945.00', 1),
(1158, '2015-06-26', 1, 'T01154', 'Carpentier', 'Pierre', 'M', '1008.00', 1),
(1159, '2015-02-04', 0, 'C01155', 'Rey', 'Pierre', 'F', '2421.00', 1),
(1160, '2011-09-14', 0, 'T01156', 'Nicolas', 'Eva', 'M', '2024.00', 1),
(1161, '2014-04-10', 0, 'T01157', 'Roux', 'Romain', 'M', '2378.00', 1),
(1162, '2011-06-25', 0, 'T01158', 'Fournier', 'Lisa', 'F', '1429.00', 1),
(1163, '2012-03-21', 0, 'T01159', 'Muller', 'Lucie', 'M', '1660.00', 1),
(1164, '2012-03-05', 1, 'T01160', 'Guillot', 'Alexis', 'F', '1100.00', 1),
(1165, '2012-06-02', 1, 'M01161', 'Francois', 'Hugo', 'F', '1312.00', 1),
(1166, '2014-06-01', 0, 'C01162', 'Marty', 'Emilie', 'M', '2362.00', 1),
(1167, '2011-01-12', 0, 'M01163', 'Huet', 'Romane', 'F', '2493.00', 1),
(1168, '2015-06-14', 1, 'T01164', 'Robin', 'Emilie', 'M', '1174.00', 1),
(1169, '2011-06-11', 0, 'T01165', 'Bonnet', 'Eva', 'F', '1578.00', 1),
(1170, '2013-05-15', 1, 'T01166', 'Fontaine', 'Justine', 'M', '1481.00', 1),
(1171, '2014-03-29', 1, 'T01167', 'Moulin', 'Lucie', 'M', '1447.00', 1),
(1172, '2015-03-02', 0, 'T01168', 'Moreau', 'Clément', 'F', '2290.00', 1),
(1173, '2014-02-03', 0, 'C01169', 'Vidal', 'Ambre', 'F', '2139.00', 1),
(1174, '2014-02-26', 0, 'T01170', 'Guyot', 'Nicolas', 'M', '1617.00', 1),
(1175, '2011-03-24', 0, 'C01171', 'Perrot', 'Sarah', 'M', '1955.00', 1),
(1176, '2010-05-17', 0, 'M01172', 'Meyer', 'Maëlys', 'M', '1389.00', 1),
(1177, '2013-09-02', 1, 'T01173', 'Schneider', 'Jeanne', 'F', '1897.00', 1),
(1178, '2015-11-02', 0, 'M01174', 'Arnaud', 'Alicia', 'M', '1729.00', 1),
(1179, '2012-12-01', 1, 'C01175', 'Jean', 'Ethan', 'F', '2471.00', 1),
(1180, '2010-02-05', 0, 'T01176', 'Rousseau', 'Mathis', 'M', '1679.00', 1),
(1181, '2015-06-17', 0, 'M01177', 'Royer', 'Valentin', 'M', '1533.00', 1),
(1182, '2011-08-03', 1, 'T01178', 'Duval', 'Justine', 'M', '2157.00', 1),
(1183, '2010-05-12', 0, 'T01179', 'Henry', 'Clara', 'F', '1970.00', 1),
(1184, '2013-06-27', 0, 'T01180', 'Roger', 'Jeanne', 'M', '1434.00', 1),
(1185, '2011-03-26', 0, 'T01181', 'Adam', 'Hugo', 'M', '1959.00', 1),
(1186, '2014-09-02', 0, 'C01182', 'Rolland', 'Romain', 'F', '2132.00', 1),
(1187, '2010-04-19', 1, 'C01183', 'Blanchard', 'Lisa', 'F', '1079.00', 1),
(1188, '2015-12-25', 1, 'T01184', 'Lacroix', 'Mael', 'F', '1269.00', 1),
(1189, '2010-07-04', 0, 'C01185', 'Francois', 'Camille', 'F', '2113.00', 1),
(1190, '2013-03-17', 0, 'T01186', 'Aubert', 'Jules', 'F', '1716.00', 1),
(1191, '2014-08-05', 0, 'T01187', 'Berger', 'Pauline', 'M', '2378.00', 1),
(1192, '2013-05-17', 1, 'T01188', 'Le gall', 'Sacha', 'M', '1749.00', 1),
(1193, '2011-09-11', 1, 'T01189', 'Noel', 'Clémence', 'M', '2395.00', 1),
(1194, '2010-04-17', 0, 'T01190', 'Gauthier', 'Sacha', 'F', '2290.00', 1),
(1195, '2012-07-03', 1, 'T01191', 'Schneider', 'Pierre', 'F', '1074.00', 1),
(1196, '2012-04-20', 1, 'T01192', 'Bonnet', 'Thomas', 'M', '1797.00', 1),
(1197, '2013-07-21', 0, 'C01193', 'Petit', 'Elisa', 'M', '1067.00', 1),
(1198, '2015-02-28', 1, 'M01194', 'Fleury', 'Eva', 'M', '2139.00', 1),
(1199, '2013-11-09', 0, 'T01195', 'Garnier', 'Lena', 'M', '1347.00', 1),
(1200, '2013-01-03', 1, 'M01196', 'Simon', 'Romain', 'M', '1441.00', 1),
(1201, '2010-08-08', 1, 'M01197', 'Lacroix', 'Victor', 'M', '2481.00', 1),
(1202, '2012-04-26', 0, 'T01198', 'Huet', 'Lucie', 'F', '1579.00', 1),
(1203, '2010-06-06', 1, 'T01199', 'Simon', 'Alicia', 'F', '2411.00', 1),
(1204, '2012-09-22', 1, 'C01200', 'Giraud', 'Noa', 'M', '1574.00', 1),
(1205, '2011-09-17', 1, 'T01201', 'Guerin', 'Louna', 'M', '2485.00', 1),
(1206, '2013-05-27', 1, 'M01202', 'Moreau', 'Célia', 'F', '2047.00', 1),
(1207, '2013-09-17', 1, 'C01203', 'Roux', 'Anaïs', 'M', '1259.00', 1),
(1208, '2011-11-17', 1, 'C01204', 'Dubois', 'Pierre', 'F', '1757.00', 1),
(1209, '2015-08-13', 1, 'C01205', 'Baron', 'Gabriel', 'M', '1834.00', 1),
(1210, '2015-01-11', 1, 'C01206', 'Andre', 'Pauline', 'F', '2497.00', 1),
(1211, '2012-01-03', 0, 'T01207', 'Royer', 'Romain', 'F', '1348.00', 1),
(1212, '2014-01-05', 1, 'M01208', 'Morin', 'Maëlys', 'F', '1319.00', 1),
(1213, '2014-11-25', 0, 'C01209', 'Roger', 'Clément', 'M', '2188.00', 1),
(1214, '2010-11-28', 1, 'T01210', 'Colin', 'Romain', 'M', '1333.00', 1),
(1215, '2011-07-24', 1, 'C01211', 'Henry', 'Ethan', 'M', '1815.00', 1),
(1216, '2013-06-23', 1, 'T01212', 'Jacquet', 'Julien', 'M', '1563.00', 1),
(1217, '2012-09-22', 0, 'T01213', 'Girard', 'Pauline', 'M', '1751.00', 1),
(1218, '2013-05-18', 0, 'M01214', 'Brun', 'Julien', 'M', '1553.00', 1),
(1219, '2013-06-10', 0, 'T01215', 'Schneider', 'Léa', 'F', '1960.00', 1),
(1220, '2015-11-15', 0, 'T01216', 'Legrand', 'Noah', 'M', '1430.00', 1),
(1221, '2014-11-25', 0, 'T01217', 'Andre', 'Noa', 'F', '1104.00', 1),
(1222, '2014-12-19', 0, 'T01218', 'Dupuy', 'Eva', 'M', '1772.00', 1),
(1223, '2010-03-07', 0, 'T01219', 'Paul', 'Axel', 'F', '2175.00', 1),
(1224, '2012-07-23', 0, 'T01220', 'Gauthier', 'Louis', 'M', '2260.00', 1),
(1225, '2014-11-11', 1, 'T01221', 'Jean', 'Enzo', 'F', '1785.00', 1),
(1226, '2011-02-13', 0, 'C01222', 'Blanc', 'Laura', 'F', '2362.00', 1),
(1227, '2012-06-12', 1, 'M01223', 'Menard', 'Noémie', 'F', '1176.00', 1),
(1228, '2011-05-25', 0, 'C01224', 'Louis', 'Jules', 'M', '2022.00', 1),
(1229, '2015-11-05', 1, 'C01225', 'Rodriguez', 'Louis', 'M', '2457.00', 1),
(1230, '2014-04-20', 1, 'T01226', 'Pons', 'Clément', 'F', '2061.00', 1),
(1231, '2014-09-20', 1, 'T01227', 'Michel', 'Alexandre', 'M', '2023.00', 1),
(1232, '2012-11-15', 1, 'T01228', 'Mathieu', 'Tom', 'M', '1280.00', 1),
(1233, '2013-04-18', 0, 'M01229', 'Martin', 'Hugo', 'F', '1699.00', 1),
(1234, '2010-07-20', 1, 'T01230', 'Nguyen', 'Ines', 'M', '2145.00', 1),
(1235, '2011-12-11', 0, 'T01231', 'Richard', 'Lena', 'M', '2183.00', 1),
(1236, '2015-12-28', 0, 'C01232', 'Marchand', 'Axel', 'F', '1784.00', 1),
(1237, '2010-02-10', 0, 'T01233', 'Rolland', 'Sacha', 'M', '1641.00', 1),
(1238, '2010-09-27', 1, 'M01234', 'Barre', 'Louise', 'M', '1650.00', 1),
(1239, '2015-05-01', 0, 'T01235', 'Maillard', 'Alice', 'F', '1415.00', 1),
(1240, '2013-11-13', 1, 'T01236', 'Deschamps', 'Julie', 'F', '2320.00', 1),
(1241, '2010-09-19', 0, 'C01237', 'Lambert', 'Gabriel', 'F', '1571.00', 1),
(1242, '2011-10-04', 0, 'M01238', 'Gerard', 'Noa', 'F', '1913.00', 1),
(1243, '2015-04-01', 1, 'T01239', 'Huet', 'Evan', 'F', '1465.00', 1),
(1244, '2012-01-15', 0, 'C01240', 'Gaillard', 'Alexandre', 'M', '1262.00', 1),
(1245, '2011-09-23', 0, 'T01241', 'Fabre', 'Clara', 'M', '1014.00', 1),
(1246, '2012-04-22', 1, 'T01242', 'Riviere', 'Raphaël', 'F', '2458.00', 1),
(1247, '2013-10-18', 1, 'T01243', 'Lefevre', 'Clément', 'M', '1678.00', 1),
(1248, '2011-10-09', 0, 'T01244', 'Richard', 'Mohamed', 'M', '2313.00', 1),
(1249, '2010-06-22', 1, 'T01245', 'Barre', 'Lena', 'M', '2126.00', 1),
(1250, '2014-03-07', 0, 'C01246', 'Lemaire', 'Quentin', 'M', '1381.00', 1),
(1251, '2013-04-14', 0, 'T01247', 'Brun', 'Arthur', 'F', '2188.00', 1),
(1252, '2013-07-17', 0, 'T01248', 'Collet', 'Kylian', 'M', '2456.00', 1),
(1253, '2011-06-08', 1, 'T01249', 'Nicolas', 'Tom', 'F', '1567.00', 1),
(1254, '2011-07-25', 1, 'T01250', 'Perrin', 'Nicolas', 'M', '1735.00', 1),
(1255, '2011-12-17', 0, 'T01251', 'Schmitt', 'Alice', 'F', '2154.00', 1),
(1256, '2010-12-27', 0, 'T01252', 'Pons', 'Arthur', 'F', '1611.00', 1),
(1257, '2013-06-17', 1, 'C01253', 'Barre', 'Tom', 'M', '1313.00', 1),
(1258, '2010-12-28', 1, 'T01254', 'Hubert', 'Paul', 'M', '2162.00', 1),
(1259, '2012-11-23', 1, 'T01255', 'Roussel', 'Sacha', 'F', '1185.00', 1),
(1260, '2012-10-04', 1, 'C01256', 'Carpentier', 'Maëlle', 'M', '1291.00', 1),
(1261, '2014-01-28', 0, 'T01257', 'Rey', 'Clara', 'M', '1361.00', 1),
(1262, '2013-05-13', 1, 'T01258', 'Mercier', 'Baptiste', 'F', '1609.00', 1),
(1263, '2013-08-31', 0, 'T01259', 'Nguyen', 'Maxime', 'F', '1932.00', 1),
(1264, '2010-12-12', 0, 'T01260', 'Adam', 'Carla', 'M', '2452.00', 1),
(1265, '2014-10-10', 0, 'C01261', 'Muller', 'Louis', 'F', '1019.00', 1),
(1266, '2015-10-02', 1, 'C01262', 'Chevalier', 'Lucas', 'M', '1058.00', 1),
(1267, '2013-04-17', 0, 'T01263', 'Rey', 'Chloé', 'M', '1465.00', 1),
(1268, '2014-11-25', 0, 'T01264', 'Dupont', 'Camille', 'F', '2390.00', 1),
(1269, '2014-03-23', 0, 'T01265', 'Maillard', 'Lucas', 'F', '2224.00', 1),
(1270, '2015-05-11', 0, 'T01266', 'Vidal', 'Julie', 'M', '1832.00', 1),
(1271, '2012-06-21', 0, 'T01267', 'Riviere', 'Maxime', 'M', '2297.00', 1),
(1272, '2014-06-22', 1, 'C01268', 'Paris', 'Lisa', 'M', '1772.00', 1),
(1273, '2012-09-07', 1, 'T01269', 'Vincent', 'Chloé', 'M', '2297.00', 1),
(1274, '2011-05-18', 1, 'M01270', 'Fabre', 'Julie', 'M', '2274.00', 1),
(1275, '2010-01-13', 1, 'T01271', 'Bernard', 'Anaïs', 'F', '2082.00', 1),
(1276, '2011-02-20', 1, 'T01272', 'Leclerc', 'Arthur', 'F', '2281.00', 1),
(1277, '2011-02-19', 0, 'T01273', 'Benoit', 'Ethan', 'M', '1448.00', 1),
(1278, '2013-01-06', 1, 'C01274', 'Cousin', 'Axel', 'M', '1615.00', 1),
(1279, '2011-11-22', 0, 'T01275', 'Rousseau', 'Louise', 'F', '2156.00', 1),
(1280, '2012-12-10', 1, 'M01276', 'Philippe', 'Zoe', 'F', '2074.00', 1),
(1281, '2011-09-17', 1, 'C01277', 'Carpentier', 'Baptiste', 'F', '1427.00', 1),
(1282, '2011-02-16', 1, 'T01278', 'Nicolas', 'Elisa', 'F', '1434.00', 1),
(1283, '2011-07-01', 1, 'T01279', 'Robert', 'Célia', 'M', '2244.00', 1),
(1284, '2013-06-27', 0, 'C01280', 'Bertrand', 'Mohamed', 'M', '1406.00', 1),
(1285, '2012-11-09', 1, 'T01281', 'Schneider', 'Quentin', 'F', '1934.00', 1),
(1286, '2011-08-04', 1, 'M01282', 'Colin', 'Adrien', 'F', '1413.00', 1),
(1287, '2011-12-22', 1, 'T01283', 'Prevost', 'Alexis', 'M', '1373.00', 1),
(1288, '2011-04-20', 0, 'M01284', 'Morin', 'Noémie', 'M', '1465.00', 1),
(1289, '2015-12-24', 0, 'T01285', 'Leroy', 'Benjamin', 'F', '1290.00', 1),
(1290, '2015-10-30', 1, 'T01286', 'Maillard', 'Léo', 'M', '2248.00', 1),
(1291, '2014-04-28', 0, 'T01287', 'Martin', 'Noa', 'F', '1254.00', 1),
(1292, '2015-06-09', 1, 'M01288', 'Roussel', 'Victor', 'M', '2204.00', 1),
(1293, '2014-12-26', 0, 'M01289', 'Marchal', 'Lina', 'F', '2308.00', 1),
(1294, '2011-09-18', 1, 'T01290', 'Petit', 'Mélissa', 'F', '1885.00', 1),
(1295, '2011-01-11', 0, 'T01291', 'Leclerc', 'Maxime', 'M', '1343.00', 1),
(1296, '2010-11-15', 0, 'C01292', 'Lefebvre', 'Anaïs', 'M', '1920.00', 1),
(1297, '2015-12-14', 0, 'T01293', 'Thomas', 'Noah', 'M', '1437.00', 1),
(1298, '2013-11-16', 0, 'M01294', 'Pons', 'Hugo', 'F', '2331.00', 1),
(1299, '2011-07-14', 0, 'M01295', 'Guillaume', 'Léa', 'M', '2360.00', 1),
(1300, '2013-09-02', 1, 'T01296', 'Carpentier', 'Noa', 'M', '1926.00', 1),
(1301, '2015-07-04', 1, 'T01297', 'Masson', 'Valentin', 'F', '1431.00', 1),
(1302, '2010-10-18', 0, 'T01298', 'Remy', 'Sarah', 'F', '1872.00', 1),
(1303, '2015-05-21', 0, 'T01299', 'Dufour', 'Hugo', 'M', '1376.00', 1),
(1304, '2014-03-31', 0, 'T01300', 'Gonzalez', 'Jules', 'F', '2437.00', 1),
(1305, '2013-11-21', 1, 'T01301', 'Le gall', 'Louise', 'M', '2197.00', 1),
(1306, '2013-12-06', 1, 'C01302', 'Dumont', 'Mattéo', 'M', '1821.00', 1),
(1307, '2010-04-24', 0, 'M01303', 'Petit', 'Mathis', 'M', '1996.00', 1),
(1308, '2015-03-16', 0, 'T01304', 'Poirier', 'Sarah', 'F', '1673.00', 1),
(1309, '2015-07-23', 0, 'M01305', 'Vincent', 'Antoine', 'M', '2197.00', 1),
(1310, '2013-10-23', 0, 'T01306', 'Lambert', 'Ethan', 'F', '2182.00', 1),
(1311, '2011-04-20', 0, 'T01307', 'Lambert', 'Kylian', 'M', '1943.00', 1),
(1312, '2014-03-27', 0, 'T01308', 'Meyer', 'Ambre', 'F', '1417.00', 1),
(1313, '2010-10-14', 1, 'T01309', 'Nicolas', 'Laura', 'M', '1668.00', 1),
(1314, '2011-12-25', 0, 'M01310', 'Brunet', 'Antoine', 'F', '1328.00', 1),
(1315, '2011-11-07', 1, 'T01311', 'Morel', 'Julien', 'M', '1887.00', 1),
(1316, '2010-05-07', 1, 'M01312', 'Meunier', 'Pierre', 'M', '2387.00', 1),
(1317, '2015-08-23', 0, 'M01313', 'Barre', 'Evan', 'F', '1042.00', 1),
(1318, '2015-07-30', 1, 'T01314', 'Mercier', 'Pierre', 'F', '1552.00', 1),
(1319, '2015-07-08', 0, 'T01315', 'Roy', 'Louis', 'M', '2305.00', 1),
(1320, '2014-06-14', 1, 'C01316', 'Nicolas', 'Maëlys', 'M', '1538.00', 1),
(1321, '2013-11-28', 0, 'M01317', 'Benoit', 'Julie', 'M', '1733.00', 1),
(1322, '2014-06-18', 1, 'T01318', 'Roy', 'Océane', 'M', '1428.00', 1),
(1323, '2014-09-20', 0, 'T01319', 'Barre', 'Charlotte', 'F', '2225.00', 1),
(1324, '2011-06-11', 0, 'C01320', 'Poirier', 'Sarah', 'M', '2323.00', 1),
(1325, '2015-10-11', 1, 'T01321', 'Muller', 'Jade', 'F', '1026.00', 1),
(1326, '2010-04-19', 1, 'C01322', 'Andre', 'Justine', 'M', '1988.00', 1),
(1327, '2013-06-03', 1, 'T01323', 'Masson', 'Louise', 'M', '1621.00', 1),
(1328, '2010-10-17', 0, 'C01324', 'Gonzalez', 'Gabriel', 'M', '1512.00', 1),
(1329, '2013-06-04', 0, 'T01325', 'Guerin', 'Valentin', 'F', '1028.00', 1),
(1330, '2010-09-30', 0, 'T01326', 'Schmitt', 'Clara', 'F', '1003.00', 1),
(1331, '2013-06-09', 0, 'T01327', 'Fernandez', 'Lina', 'F', '1564.00', 1),
(1332, '2013-05-07', 1, 'T01328', 'Roche', 'Ines', 'F', '2076.00', 1),
(1333, '2010-05-10', 0, 'T01329', 'Laine', 'Alexis', 'M', '1208.00', 1),
(1334, '2014-08-24', 0, 'M01330', 'Moulin', 'Quentin', 'F', '1986.00', 1),
(1335, '2015-02-11', 0, 'M01331', 'Leclercq', 'Arthur', 'F', '1119.00', 1),
(1336, '2012-06-18', 0, 'M01332', 'Morin', 'Nathan', 'F', '1563.00', 1),
(1337, '2011-01-31', 0, 'T01333', 'Barbier', 'Zoe', 'M', '2104.00', 1),
(1338, '2015-06-26', 0, 'T01334', 'Bourgeois', 'Mohamed', 'F', '2207.00', 1),
(1339, '2013-06-09', 0, 'T01335', 'Huet', 'Adrien', 'M', '2428.00', 1),
(1340, '2010-03-29', 0, 'T01336', 'Sanchez', 'Jules', 'F', '1460.00', 1),
(1341, '2014-11-29', 0, 'T01337', 'Bernard', 'Tom', 'F', '1896.00', 1),
(1342, '2012-08-18', 0, 'T01338', 'Renaud', 'Manon', 'F', '1602.00', 1),
(1343, '2013-05-27', 0, 'T01339', 'Duval', 'Pierre', 'F', '1446.00', 1),
(1344, '2013-09-06', 0, 'T01340', 'Rodriguez', 'Emilie', 'F', '2173.00', 1),
(1345, '2012-05-22', 1, 'M01341', 'Thomas', 'Camille', 'F', '1500.00', 1),
(1346, '2013-05-08', 0, 'T01342', 'Rodriguez', 'Mathilde', 'M', '1945.00', 1),
(1347, '2010-01-31', 0, 'T01343', 'Colin', 'Clara', 'M', '1267.00', 1),
(1348, '2011-08-22', 1, 'C01344', 'Bonnet', 'Julie', 'F', '1243.00', 1),
(1349, '2011-03-10', 0, 'T01345', 'Vidal', 'Maxence', 'F', '2050.00', 1),
(1350, '2013-05-17', 1, 'C01346', 'David', 'Sarah', 'M', '1624.00', 1),
(1351, '2015-05-28', 0, 'C01347', 'Guillaume', 'Clémence', 'M', '2107.00', 1),
(1352, '2014-06-26', 1, 'C01348', 'Michel', 'Mathéo', 'M', '1575.00', 1),
(1353, '2014-01-19', 0, 'T01349', 'Roy', 'Sarah', 'M', '1590.00', 1),
(1354, '2015-08-02', 1, 'T01350', 'Henry', 'Lola', 'F', '1374.00', 1),
(1355, '2011-02-10', 1, 'T01351', 'Garcia', 'Chloé', 'F', '2074.00', 1),
(1356, '2010-08-23', 0, 'T01352', 'Leclercq', 'Valentin', 'F', '1032.00', 1),
(1357, '2012-06-13', 0, 'T01353', 'Clement', 'Nicolas', 'M', '2497.00', 1),
(1358, '2011-05-25', 0, 'C01354', 'Boyer', 'Lena', 'F', '2084.00', 1),
(1359, '2012-08-04', 1, 'T01355', 'Robin', 'Lilou', 'M', '2356.00', 1),
(1360, '2015-01-22', 1, 'T01356', 'Vincent', 'Clara', 'F', '2023.00', 1),
(1361, '2015-08-30', 1, 'T01357', 'Martinez', 'Anaïs', 'F', '2235.00', 1),
(1362, '2015-04-02', 0, 'T01358', 'Adam', 'Noémie', 'F', '2440.00', 1),
(1363, '2012-12-22', 0, 'T01359', 'Paris', 'Gabriel', 'F', '1139.00', 1),
(1364, '2010-10-09', 1, 'T01360', 'Charpentier', 'Théo', 'F', '1960.00', 1),
(1365, '2014-11-28', 0, 'T01361', 'Roux', 'Charlotte', 'F', '2012.00', 1),
(1366, '2010-06-18', 0, 'T01362', 'Jacquet', 'Eva', 'M', '1118.00', 1),
(1367, '2015-04-01', 0, 'T01363', 'Thomas', 'Benjamin', 'M', '1555.00', 1),
(1368, '2011-12-30', 1, 'C01364', 'Adam', 'Ambre', 'M', '2376.00', 1),
(1369, '2010-10-02', 0, 'M01365', 'Joly', 'Nathan', 'F', '1447.00', 1),
(1370, '2013-10-29', 1, 'M01366', 'Barbier', 'Camille', 'F', '2122.00', 1),
(1371, '2013-07-26', 0, 'C01367', 'Noel', 'Clara', 'M', '1941.00', 1),
(1372, '2015-05-11', 1, 'T01368', 'Dupuis', 'Manon', 'M', '1771.00', 1),
(1373, '2010-05-14', 0, 'T01369', 'Richard', 'Jeanne', 'F', '1237.00', 1),
(1374, '2012-01-23', 1, 'T01370', 'Jacquet', 'Antoine', 'M', '1773.00', 1),
(1375, '2012-01-08', 1, 'T01371', 'Guerin', 'Lina', 'F', '1037.00', 1),
(1376, '2014-05-29', 1, 'T01372', 'Le roux', 'Alice', 'M', '1646.00', 1),
(1377, '2011-03-16', 0, 'T01373', 'Lucas', 'Jeanne', 'F', '2425.00', 1),
(1378, '2015-10-14', 1, 'T01374', 'Lambert', 'Jeanne', 'M', '2177.00', 1),
(1379, '2012-05-13', 1, 'M01375', 'Guyot', 'Adam', 'F', '2306.00', 1),
(1380, '2011-08-31', 0, 'C01376', 'Meyer', 'Yanis', 'M', '2437.00', 1),
(1381, '2010-09-07', 1, 'T01377', 'Benoit', 'Noah', 'F', '2047.00', 1),
(1382, '2011-08-18', 1, 'T01378', 'Dubois', 'Ines', 'M', '1606.00', 1),
(1383, '2015-10-06', 1, 'C01379', 'Paris', 'Anaïs', 'M', '2031.00', 1),
(1384, '2011-06-12', 1, 'T01380', 'Lemaire', 'Eva', 'F', '1901.00', 1),
(1385, '2014-04-27', 0, 'C01381', 'Le gall', 'Eva', 'M', '2043.00', 1),
(1386, '2012-04-03', 1, 'T01382', 'David', 'Quentin', 'F', '1404.00', 1),
(1387, '2011-09-02', 1, 'M01383', 'Thomas', 'Lena', 'F', '1676.00', 1),
(1388, '2014-06-23', 1, 'T01384', 'Dupuy', 'Baptiste', 'M', '1590.00', 1),
(1389, '2011-07-10', 1, 'T01385', 'Marchand', 'Kylian', 'F', '1111.00', 1),
(1390, '2014-12-26', 1, 'T01386', 'Faure', 'Louna', 'M', '1469.00', 1),
(1391, '2012-08-06', 0, 'T01387', 'Menard', 'Maxence', 'F', '2476.00', 1),
(1392, '2015-04-30', 1, 'T01388', 'Cousin', 'Maëlys', 'M', '1392.00', 1),
(1393, '2011-07-02', 1, 'C01389', 'Charles', 'Pierre', 'M', '1757.00', 1),
(1394, '2010-01-15', 1, 'M01390', 'Michel', 'Louis', 'F', '1789.00', 1),
(1395, '2012-11-27', 0, 'T01391', 'Martin', 'Louise', 'F', '2146.00', 1),
(1396, '2013-10-12', 0, 'T01392', 'Fernandez', 'Noah', 'F', '2128.00', 1),
(1397, '2012-09-26', 0, 'T01393', 'Rolland', 'Camille', 'M', '1217.00', 1),
(1398, '2010-03-11', 1, 'T01394', 'Blanchard', 'Lucas', 'F', '1559.00', 1),
(1399, '2010-10-02', 0, 'T01395', 'Barbier', 'Alicia', 'M', '1777.00', 1),
(1400, '2014-10-07', 1, 'T01396', 'Gerard', 'Lola', 'M', '1256.00', 1),
(1401, '2010-03-15', 1, 'T01397', 'Bertrand', 'Jules', 'F', '1864.00', 1),
(1402, '2013-03-19', 1, 'T01398', 'Jacquet', 'Manon', 'M', '1242.00', 1),
(1403, '2014-11-14', 0, 'T01399', 'Adam', 'Julien', 'M', '1273.00', 1),
(1404, '2010-11-20', 1, 'M01400', 'Aubert', 'Axel', 'M', '1805.00', 1),
(1405, '2015-07-05', 0, 'T01401', 'Prevost', 'Lola', 'F', '1344.00', 1);
INSERT INTO `employe` (`id`, `dateEmbauche`, `tempsPartiel`, `matricule`, `nom`, `prenom`, `sexe`, `salaire`, `entreprise_id`) VALUES
(1406, '2011-09-23', 0, 'T01402', 'Dufour', 'Jade', 'M', '1715.00', 1),
(1407, '2013-12-03', 1, 'T01403', 'Rolland', 'Manon', 'M', '1677.00', 1),
(1408, '2012-04-23', 0, 'M01404', 'Robin', 'Victor', 'M', '1438.00', 1),
(1409, '2015-02-11', 0, 'C01405', 'Lefevre', 'Raphaël', 'F', '1073.00', 1),
(1410, '2015-03-11', 1, 'M01406', 'Marie', 'Thomas', 'M', '1621.00', 1),
(1411, '2012-06-09', 1, 'M01407', 'Masson', 'Eva', 'F', '2034.00', 1),
(1412, '2011-09-27', 0, 'T01408', 'Roussel', 'Maëlle', 'F', '2015.00', 1),
(1413, '2013-01-03', 1, 'T01409', 'Roger', 'Célia', 'M', '1173.00', 1),
(1414, '2011-04-09', 1, 'M01410', 'Le roux', 'Jules', 'M', '1090.00', 1),
(1415, '2014-12-31', 0, 'M01411', 'Pons', 'Lucie', 'M', '1425.00', 1),
(1416, '2015-08-25', 1, 'C01412', 'Roussel', 'Nathan', 'F', '1230.00', 1),
(1417, '2012-09-27', 1, 'T01413', 'Blanchard', 'Jules', 'M', '1197.00', 1),
(1418, '2010-10-30', 0, 'T01414', 'Dubois', 'Elisa', 'M', '1137.00', 1),
(1419, '2013-04-24', 0, 'T01415', 'Morel', 'Ines', 'F', '1998.00', 1),
(1420, '2012-04-16', 1, 'M01416', 'Louis', 'Lilou', 'F', '2467.00', 1),
(1421, '2013-03-06', 1, 'T01417', 'Muller', 'Louis', 'F', '2465.00', 1),
(1422, '2015-08-28', 0, 'T01418', 'Lopez', 'Clémence', 'M', '1399.00', 1),
(1423, '2011-02-23', 1, 'C01419', 'Guyot', 'Mélissa', 'M', '1460.00', 1),
(1424, '2010-07-31', 0, 'T01420', 'Jean', 'Jules', 'M', '1514.00', 1),
(1425, '2014-07-21', 0, 'C01421', 'Roche', 'Lou', 'F', '2065.00', 1),
(1426, '2011-06-14', 1, 'T01422', 'Martin', 'Zoe', 'F', '1584.00', 1),
(1427, '2010-02-03', 1, 'T01423', 'Garcia', 'Adrien', 'F', '1983.00', 1),
(1428, '2014-10-11', 1, 'T01424', 'Fleury', 'Lola', 'F', '2407.00', 1),
(1429, '2013-11-24', 1, 'T01425', 'Bourgeois', 'Lucie', 'F', '1289.00', 1),
(1430, '2015-01-02', 0, 'T01426', 'Lemaire', 'Lisa', 'M', '1168.00', 1),
(1431, '2011-10-18', 0, 'C01427', 'Roy', 'Nicolas', 'F', '1777.00', 1),
(1432, '2014-09-07', 1, 'T01428', 'Poirier', 'Anaïs', 'F', '1670.00', 1),
(1433, '2011-09-26', 1, 'T01429', 'Maillard', 'Louna', 'F', '2460.00', 1),
(1434, '2010-06-20', 1, 'M01430', 'Dumont', 'Léa', 'M', '1068.00', 1),
(1435, '2012-10-13', 1, 'T01431', 'Boyer', 'Yanis', 'M', '1859.00', 1),
(1436, '2014-07-01', 0, 'T01432', 'Robert', 'Sacha', 'F', '2123.00', 1),
(1437, '2015-03-27', 1, 'T01433', 'Royer', 'Enzo', 'M', '1614.00', 1),
(1438, '2014-03-12', 0, 'C01434', 'David', 'Louis', 'M', '1986.00', 1),
(1439, '2014-04-23', 1, 'T01435', 'Garnier', 'Eva', 'F', '1761.00', 1),
(1440, '2011-08-03', 0, 'M01436', 'Poirier', 'Maëlys', 'F', '1979.00', 1),
(1441, '2013-02-11', 1, 'M01437', 'Legrand', 'Carla', 'F', '1706.00', 1),
(1442, '2012-08-13', 0, 'T01438', 'Rolland', 'Mohamed', 'M', '1654.00', 1),
(1443, '2014-02-07', 1, 'T01439', 'Dumont', 'Victor', 'M', '1959.00', 1),
(1444, '2013-08-30', 1, 'T01440', 'Moreau', 'Arthur', 'F', '1483.00', 1),
(1445, '2010-08-31', 1, 'T01441', 'Lacroix', 'Rayan', 'F', '1795.00', 1),
(1446, '2010-03-24', 1, 'T01442', 'Henry', 'Manon', 'M', '1905.00', 1),
(1447, '2011-10-18', 1, 'T01443', 'Dufour', 'Mael', 'M', '1419.00', 1),
(1448, '2014-12-04', 1, 'T01444', 'Roux', 'Rayan', 'F', '2488.00', 1),
(1449, '2013-06-10', 0, 'T01445', 'Collet', 'Louna', 'M', '1898.00', 1),
(1450, '2012-10-03', 1, 'M01446', 'Gonzalez', 'Maëlle', 'F', '1258.00', 1),
(1451, '2015-11-17', 0, 'T01447', 'Benoit', 'Mael', 'M', '2036.00', 1),
(1452, '2013-12-27', 0, 'T01448', 'Julien', 'Hugo', 'M', '1804.00', 1),
(1453, '2011-03-08', 1, 'T01449', 'Royer', 'Romain', 'M', '2409.00', 1),
(1454, '2015-10-01', 0, 'T01450', 'Fournier', 'Sarah', 'M', '1543.00', 1),
(1455, '2011-02-12', 0, 'T01451', 'Paul', 'Jade', 'F', '2165.00', 1),
(1456, '2011-04-01', 1, 'T01452', 'Sanchez', 'Adam', 'F', '1761.00', 1),
(1457, '2012-07-06', 1, 'M01453', 'Clement', 'Léa', 'M', '2319.00', 1),
(1458, '2015-01-30', 1, 'T01454', 'Marty', 'Maxime', 'F', '2235.00', 1),
(1459, '2014-09-27', 1, 'M01455', 'Lemoine', 'Charlotte', 'F', '2175.00', 1),
(1460, '2011-08-24', 0, 'T01456', 'Sanchez', 'Marie', 'M', '1166.00', 1),
(1461, '2010-12-18', 1, 'M01457', 'Arnaud', 'Sacha', 'M', '1666.00', 1),
(1462, '2012-02-04', 1, 'T01458', 'Perez', 'Théo', 'M', '2342.00', 1),
(1463, '2013-02-09', 0, 'T01459', 'Poirier', 'Marie', 'M', '1463.00', 1),
(1464, '2011-04-27', 0, 'T01460', 'Dubois', 'Léo', 'F', '1310.00', 1),
(1465, '2015-07-08', 1, 'T01461', 'Rey', 'Lilou', 'M', '1627.00', 1),
(1466, '2011-12-02', 0, 'M01462', 'Rey', 'Pierre', 'M', '1005.00', 1),
(1467, '2014-07-28', 1, 'M01463', 'Perrot', 'Kylian', 'M', '1708.00', 1),
(1468, '2014-06-07', 1, 'C01464', 'Hubert', 'Charlotte', 'M', '1856.00', 1),
(1469, '2010-03-22', 0, 'T01465', 'Sanchez', 'Pierre', 'F', '1991.00', 1),
(1470, '2012-12-26', 1, 'T01466', 'Lopez', 'Ethan', 'M', '1729.00', 1),
(1471, '2010-08-28', 0, 'T01467', 'Renard', 'Adam', 'M', '2218.00', 1),
(1472, '2014-04-23', 0, 'C01468', 'Baron', 'Romain', 'F', '1752.00', 1),
(1473, '2014-12-28', 1, 'T01469', 'Julien', 'Lina', 'M', '2380.00', 1),
(1474, '2011-11-17', 0, 'T01470', 'Barre', 'Noémie', 'F', '1571.00', 1),
(1475, '2012-08-05', 1, 'C01471', 'Deschamps', 'Alexis', 'F', '1568.00', 1),
(1476, '2013-07-17', 0, 'C01472', 'Barbier', 'Lisa', 'M', '2216.00', 1),
(1477, '2015-06-25', 1, 'T01473', 'Lemaire', 'Anaïs', 'F', '2107.00', 1),
(1478, '2012-09-04', 1, 'T01474', 'Adam', 'Pierre', 'M', '1254.00', 1),
(1479, '2013-04-23', 1, 'T01475', 'Morel', 'Lilou', 'F', '1761.00', 1),
(1480, '2012-07-05', 1, 'T01476', 'Dumont', 'Noah', 'F', '1769.00', 1),
(1481, '2010-11-16', 1, 'T01477', 'Simon', 'Maeva', 'F', '2436.00', 1),
(1482, '2012-01-16', 1, 'T01478', 'Marchal', 'Lucas', 'F', '1350.00', 1),
(1483, '2013-03-13', 0, 'C01479', 'Bourgeois', 'Mathéo', 'F', '1954.00', 1),
(1484, '2011-02-07', 1, 'T01480', 'Lambert', 'Clémence', 'M', '1982.00', 1),
(1485, '2011-11-22', 1, 'T01481', 'Garcia', 'Jade', 'M', '1509.00', 1),
(1486, '2012-12-08', 0, 'T01482', 'Faure', 'Baptiste', 'M', '1127.00', 1),
(1487, '2014-03-23', 1, 'T01483', 'Andre', 'Mélissa', 'M', '1112.00', 1),
(1488, '2015-05-21', 1, 'T01484', 'Dumas', 'Ines', 'M', '2011.00', 1),
(1489, '2014-02-11', 0, 'M01485', 'Fleury', 'Laura', 'F', '1810.00', 1),
(1490, '2015-03-21', 1, 'T01486', 'Roger', 'Mathéo', 'M', '2073.00', 1),
(1491, '2012-03-22', 1, 'T01487', 'Gautier', 'Louise', 'F', '1875.00', 1),
(1492, '2012-07-13', 1, 'T01488', 'Legrand', 'Chloé', 'M', '1371.00', 1),
(1493, '2010-07-03', 0, 'C01489', 'Moulin', 'Maëlle', 'F', '1882.00', 1),
(1494, '2012-04-06', 1, 'T01490', 'Louis', 'Justine', 'F', '1696.00', 1),
(1495, '2010-07-26', 0, 'T01491', 'Leroux', 'Lou', 'F', '1597.00', 1),
(1496, '2011-12-18', 1, 'T01492', 'Simon', 'Mattéo', 'F', '2362.00', 1),
(1497, '2010-06-05', 0, 'M01493', 'Francois', 'Mathilde', 'M', '1131.00', 1),
(1498, '2014-07-16', 1, 'T01494', 'Muller', 'Lena', 'M', '1871.00', 1),
(1499, '2014-03-03', 1, 'T01495', 'Gaillard', 'Manon', 'M', '2147.00', 1),
(1500, '2010-08-29', 0, 'C01496', 'Mercier', 'Kylian', 'M', '1358.00', 1),
(1501, '2013-05-13', 1, 'T01497', 'Baron', 'Eva', 'M', '1607.00', 1),
(1502, '2013-05-28', 0, 'C01498', 'Robert', 'Pierre', 'F', '1155.00', 1),
(1503, '2012-08-25', 0, 'T01499', 'Breton', 'Evan', 'M', '2262.00', 1),
(1504, '2010-01-04', 0, 'C01500', 'Colin', 'Jeanne', 'F', '1219.00', 1),
(1505, '2010-07-21', 1, 'T01501', 'Morin', 'Juliette', 'M', '1129.00', 1),
(1506, '2011-10-01', 0, 'T01502', 'Rey', 'Pauline', 'M', '1767.00', 1),
(1507, '2015-04-08', 1, 'C01503', 'Louis', 'Lina', 'F', '1444.00', 1),
(1508, '2013-10-21', 0, 'T01504', 'Renault', 'Théo', 'F', '1191.00', 1),
(1509, '2010-01-14', 0, 'C01505', 'Moulin', 'Théo', 'F', '1062.00', 1),
(1510, '2010-06-06', 0, 'T01506', 'Prevost', 'Léa', 'F', '2413.00', 1),
(1511, '2014-03-10', 1, 'C01507', 'Pierre', 'Antoine', 'F', '1598.00', 1),
(1512, '2010-09-09', 0, 'T01508', 'Marchand', 'Chloé', 'F', '2436.00', 1),
(1513, '2013-02-11', 1, 'T01509', 'Martinez', 'Carla', 'M', '1135.00', 1),
(1514, '2014-01-29', 1, 'M01510', 'Leroux', 'Théo', 'M', '1113.00', 1),
(1515, '2011-02-23', 1, 'T01511', 'Faure', 'Elisa', 'M', '2126.00', 1),
(1516, '2015-01-11', 0, 'M01512', 'Garcia', 'Noa', 'F', '2418.00', 1),
(1517, '2012-01-30', 0, 'T01513', 'Bonnet', 'Lucas', 'M', '1220.00', 1),
(1518, '2013-11-05', 0, 'C01514', 'Guyot', 'Clément', 'F', '1673.00', 1),
(1519, '2013-05-13', 1, 'T01515', 'Morel', 'Alexandre', 'F', '1081.00', 1),
(1520, '2011-01-10', 1, 'T01516', 'Marchand', 'Ines', 'M', '1934.00', 1),
(1521, '2011-03-17', 0, 'M01517', 'Roussel', 'Noa', 'M', '1789.00', 1),
(1522, '2011-02-12', 1, 'T01518', 'Barre', 'Chloé', 'F', '1792.00', 1),
(1523, '2011-02-28', 0, 'C01519', 'Faure', 'Mathéo', 'M', '1938.00', 1),
(1524, '2015-08-17', 1, 'M01520', 'Vidal', 'Marie', 'M', '1617.00', 1),
(1525, '2012-07-28', 1, 'T01521', 'Olivier', 'Hugo', 'F', '1845.00', 1),
(1526, '2010-01-04', 1, 'T01522', 'Blanc', 'Léa', 'M', '1530.00', 1),
(1527, '2015-01-21', 0, 'T01523', 'Francois', 'Romane', 'F', '2148.00', 1),
(1528, '2013-04-13', 1, 'C01524', 'Menard', 'Alexandre', 'M', '2269.00', 1),
(1529, '2011-11-16', 1, 'T01525', 'Gauthier', 'Jade', 'M', '1304.00', 1),
(1530, '2012-01-31', 0, 'T01526', 'Rey', 'Chloé', 'M', '2310.00', 1),
(1531, '2015-11-11', 1, 'M01527', 'Schneider', 'Ambre', 'F', '2309.00', 1),
(1532, '2015-12-18', 0, 'M01528', 'Faure', 'Noémie', 'M', '2084.00', 1),
(1533, '2011-10-31', 0, 'M01529', 'Maillard', 'Carla', 'F', '1566.00', 1),
(1534, '2010-08-30', 1, 'T01530', 'Laurent', 'Anaïs', 'F', '1669.00', 1),
(1535, '2015-09-08', 1, 'T01531', 'Perrin', 'Sacha', 'F', '2349.00', 1),
(1536, '2012-04-28', 0, 'T01532', 'Paul', 'Mathis', 'F', '1322.00', 1),
(1537, '2015-09-17', 1, 'C01533', 'Joly', 'Kylian', 'M', '1135.00', 1),
(1538, '2010-01-08', 1, 'C01534', 'Durand', 'Enzo', 'F', '1155.00', 1),
(1539, '2012-10-17', 1, 'C01535', 'Collet', 'Lisa', 'F', '2500.00', 1),
(1540, '2015-06-08', 1, 'T01536', 'Meunier', 'Yanis', 'F', '1141.00', 1),
(1541, '2011-12-21', 0, 'T01537', 'Julien', 'Julien', 'M', '1395.00', 1),
(1542, '2015-10-30', 1, 'T01538', 'Benoit', 'Valentin', 'M', '1184.00', 1),
(1543, '2014-05-25', 1, 'T01539', 'Garnier', 'Louise', 'M', '2319.00', 1),
(1544, '2014-05-04', 0, 'M01540', 'Perrot', 'Yanis', 'F', '1967.00', 1),
(1545, '2010-01-09', 0, 'C01541', 'Collet', 'Nathan', 'F', '1708.00', 1),
(1546, '2015-11-05', 0, 'T01542', 'Guillot', 'Mael', 'M', '2337.00', 1),
(1547, '2010-07-11', 1, 'T01543', 'Petit', 'Jeanne', 'F', '2040.00', 1),
(1548, '2013-12-24', 0, 'M01544', 'Charles', 'Mathéo', 'F', '1900.00', 1),
(1549, '2010-09-22', 1, 'C01545', 'Caron', 'Mael', 'F', '1171.00', 1),
(1550, '2014-01-19', 1, 'T01546', 'Andre', 'Adam', 'F', '1542.00', 1),
(1551, '2012-05-10', 0, 'C01547', 'Menard', 'Clémence', 'F', '1148.00', 1),
(1552, '2010-12-15', 1, 'T01548', 'Bonnet', 'Nicolas', 'F', '1371.00', 1),
(1553, '2012-12-17', 0, 'T01549', 'Lefebvre', 'Zoe', 'F', '1206.00', 1),
(1554, '2011-09-05', 1, 'T01550', 'Bernard', 'Jade', 'M', '1295.00', 1),
(1555, '2010-12-05', 1, 'T01551', 'Berger', 'Anaïs', 'M', '1577.00', 1),
(1556, '2012-03-31', 0, 'M01552', 'Fabre', 'Julien', 'M', '1751.00', 1),
(1557, '2015-08-14', 1, 'T01553', 'Renard', 'Mathis', 'F', '2356.00', 1),
(1558, '2013-11-20', 1, 'M01554', 'Lemoine', 'Laura', 'F', '1001.00', 1),
(1559, '2014-09-04', 1, 'T01555', 'Masson', 'Antoine', 'M', '2233.00', 1),
(1560, '2011-12-04', 1, 'T01556', 'Lacroix', 'Mathéo', 'F', '1163.00', 1),
(1561, '2010-03-20', 1, 'T01557', 'Poirier', 'Noah', 'F', '1670.00', 1),
(1562, '2010-05-24', 0, 'C01558', 'Boyer', 'Kylian', 'F', '1999.00', 1),
(1563, '2010-03-30', 1, 'T01559', 'Guerin', 'Mohamed', 'F', '1209.00', 1),
(1564, '2011-08-27', 1, 'C01560', 'Marty', 'Lisa', 'F', '2226.00', 1),
(1565, '2010-03-31', 1, 'M01561', 'Aubert', 'Nicolas', 'M', '2224.00', 1),
(1566, '2010-02-16', 1, 'C01562', 'Brunet', 'Valentin', 'F', '2361.00', 1),
(1567, '2014-08-01', 1, 'T01563', 'Leroux', 'Kylian', 'M', '2113.00', 1),
(1568, '2013-09-14', 1, 'T01564', 'Dupuis', 'Nicolas', 'M', '2124.00', 1),
(1569, '2014-02-21', 0, 'T01565', 'Rey', 'Clara', 'M', '1707.00', 1),
(1570, '2013-11-02', 1, 'C01566', 'Petit', 'Manon', 'F', '1824.00', 1),
(1571, '2013-06-14', 0, 'T01567', 'Dumont', 'Louna', 'M', '1392.00', 1),
(1572, '2010-10-25', 1, 'T01568', 'Bernard', 'Evan', 'F', '1036.00', 1),
(1573, '2012-04-29', 1, 'T01569', 'Philippe', 'Charlotte', 'M', '2315.00', 1),
(1574, '2014-11-07', 1, 'T01570', 'Fabre', 'Romane', 'M', '1002.00', 1),
(1575, '2011-03-21', 1, 'T01571', 'Leroy', 'Valentin', 'F', '1751.00', 1),
(1576, '2014-07-31', 1, 'T01572', 'Barre', 'Jade', 'M', '1056.00', 1),
(1577, '2011-02-26', 0, 'T01573', 'Dupuis', 'Lilou', 'F', '1989.00', 1),
(1578, '2015-10-05', 0, 'M01574', 'Philippe', 'Julien', 'M', '1828.00', 1),
(1579, '2014-05-27', 0, 'C01575', 'Bertrand', 'Mathéo', 'F', '1602.00', 1),
(1580, '2012-12-14', 1, 'T01576', 'Morel', 'Laura', 'M', '1440.00', 1),
(1581, '2011-01-23', 0, 'T01577', 'Lecomte', 'Maxence', 'F', '2127.00', 1),
(1582, '2015-10-16', 0, 'T01578', 'Leclercq', 'Justine', 'F', '1345.00', 1),
(1583, '2012-09-16', 0, 'C01579', 'Moreau', 'Pierre', 'M', '1494.00', 1),
(1584, '2012-10-28', 0, 'T01580', 'Le roux', 'Lena', 'M', '1243.00', 1),
(1585, '2011-10-07', 0, 'T01581', 'Lacroix', 'Ambre', 'F', '2499.00', 1),
(1586, '2014-06-13', 1, 'M01582', 'Dumas', 'Sacha', 'F', '2112.00', 1),
(1587, '2013-06-11', 1, 'T01583', 'Louis', 'Pierre', 'M', '1720.00', 1),
(1588, '2014-11-11', 0, 'T01584', 'Riviere', 'Alexandre', 'F', '2028.00', 1),
(1589, '2015-07-08', 0, 'T01585', 'Aubry', 'Raphaël', 'M', '1289.00', 1),
(1590, '2015-10-22', 1, 'T01586', 'Maillard', 'Raphaël', 'M', '2175.00', 1),
(1591, '2013-10-06', 1, 'T01587', 'Berger', 'Maxime', 'F', '1656.00', 1),
(1592, '2015-03-12', 1, 'T01588', 'Dumont', 'Chloé', 'M', '2167.00', 1),
(1593, '2012-11-19', 0, 'M01589', 'Gonzalez', 'Julie', 'M', '1652.00', 1),
(1594, '2014-11-27', 1, 'T01590', 'David', 'Valentin', 'F', '1840.00', 1),
(1595, '2015-08-07', 1, 'T01591', 'Bertrand', 'Océane', 'F', '1976.00', 1),
(1596, '2013-04-20', 1, 'T01592', 'Garcia', 'Charlotte', 'M', '1487.00', 1),
(1597, '2010-07-14', 1, 'T01593', 'Renault', 'Léa', 'M', '2467.00', 1),
(1598, '2014-01-05', 0, 'M01594', 'Fernandez', 'Julien', 'F', '1844.00', 1),
(1599, '2015-05-14', 0, 'T01595', 'Durand', 'Camille', 'M', '2479.00', 1),
(1600, '2012-05-25', 1, 'T01596', 'David', 'Noémie', 'F', '1960.00', 1),
(1601, '2014-03-22', 0, 'M01597', 'Perez', 'Raphaël', 'F', '1682.00', 1),
(1602, '2014-09-09', 1, 'T01598', 'Meyer', 'Louise', 'M', '1010.00', 1),
(1603, '2010-06-22', 0, 'T01599', 'Henry', 'Lucie', 'M', '2223.00', 1),
(1604, '2015-01-23', 1, 'T01600', 'Vincent', 'Enzo', 'M', '1301.00', 1),
(1605, '2010-10-23', 1, 'T01601', 'Dumas', 'Evan', 'F', '1975.00', 1),
(1606, '2015-08-15', 0, 'T01602', 'Henry', 'Océane', 'F', '1953.00', 1),
(1607, '2010-08-11', 1, 'C01603', 'Nicolas', 'Ambre', 'M', '1881.00', 1),
(1608, '2012-02-13', 0, 'T01604', 'Dumont', 'Romain', 'M', '2197.00', 1),
(1609, '2012-08-30', 1, 'C01605', 'Lambert', 'Ambre', 'M', '1350.00', 1),
(1610, '2014-01-14', 1, 'C01606', 'Colin', 'Hugo', 'M', '2115.00', 1),
(1611, '2015-01-29', 0, 'T01607', 'Louis', 'Valentin', 'M', '1986.00', 1),
(1612, '2010-12-23', 1, 'T01608', 'Guillot', 'Maxence', 'M', '2187.00', 1),
(1613, '2014-02-20', 1, 'T01609', 'Chevalier', 'Jade', 'M', '1570.00', 1),
(1614, '2013-04-25', 0, 'T01610', 'Moreau', 'Noa', 'F', '2496.00', 1),
(1615, '2013-11-19', 1, 'T01611', 'Guillaume', 'Lou', 'M', '2101.00', 1),
(1616, '2010-09-15', 0, 'T01612', 'Lucas', 'Axel', 'M', '1828.00', 1),
(1617, '2010-10-07', 1, 'T01613', 'Mercier', 'Tom', 'M', '2178.00', 1),
(1618, '2012-02-10', 1, 'C01614', 'Cousin', 'Antoine', 'F', '2211.00', 1),
(1619, '2013-09-28', 0, 'C01615', 'Brun', 'Lisa', 'M', '2107.00', 1),
(1620, '2012-10-10', 1, 'T01616', 'Michel', 'Léo', 'F', '1687.00', 1),
(1621, '2013-09-04', 1, 'T01617', 'Roche', 'Louise', 'F', '2483.00', 1),
(1622, '2015-01-04', 1, 'T01618', 'Laine', 'Lena', 'M', '1311.00', 1),
(1623, '2011-08-29', 1, 'T01619', 'Moreau', 'Chloé', 'M', '1980.00', 1),
(1624, '2010-02-19', 1, 'T01620', 'Vidal', 'Clémence', 'F', '2114.00', 1),
(1625, '2013-11-19', 0, 'T01621', 'Lambert', 'Clara', 'M', '2400.00', 1),
(1626, '2010-07-22', 1, 'T01622', 'Roussel', 'Victor', 'M', '2468.00', 1),
(1627, '2011-07-07', 1, 'T01623', 'Deschamps', 'Gabriel', 'M', '1741.00', 1),
(1628, '2015-07-08', 0, 'T01624', 'Roussel', 'Maxence', 'M', '1193.00', 1),
(1629, '2013-03-10', 1, 'M01625', 'Da silva', 'Maëlys', 'M', '1094.00', 1),
(1630, '2010-02-19', 1, 'T01626', 'Meyer', 'Carla', 'M', '2177.00', 1),
(1631, '2013-04-22', 0, 'T01627', 'Thomas', 'Paul', 'M', '1078.00', 1),
(1632, '2013-08-19', 0, 'T01628', 'Aubert', 'Paul', 'F', '1129.00', 1),
(1633, '2011-02-28', 0, 'T01629', 'Bonnet', 'Baptiste', 'M', '2210.00', 1),
(1634, '2010-08-06', 1, 'C01630', 'Martinez', 'Maëlys', 'M', '2490.00', 1),
(1635, '2010-11-17', 0, 'T01631', 'Baron', 'Mathis', 'F', '1169.00', 1),
(1636, '2015-12-24', 1, 'C01632', 'Julien', 'Mael', 'M', '1846.00', 1),
(1637, '2014-10-12', 1, 'T01633', 'Lucas', 'Mael', 'F', '2484.00', 1),
(1638, '2013-03-15', 0, 'T01634', 'Roussel', 'Louna', 'F', '2226.00', 1),
(1639, '2013-12-11', 0, 'T01635', 'Barre', 'Léa', 'M', '2085.00', 1),
(1640, '2012-09-08', 0, 'T01636', 'Petit', 'Mathis', 'F', '1925.00', 1),
(1641, '2012-12-07', 1, 'T01637', 'Bernard', 'Laura', 'F', '1116.00', 1),
(1642, '2012-06-19', 0, 'T01638', 'Philippe', 'Yanis', 'F', '2487.00', 1),
(1643, '2010-03-13', 0, 'T01639', 'Schmitt', 'Baptiste', 'M', '2107.00', 1),
(1644, '2015-06-03', 0, 'T01640', 'Roussel', 'Léo', 'F', '1508.00', 1),
(1645, '2012-03-22', 0, 'C01641', 'Collet', 'Maeva', 'F', '2109.00', 1),
(1646, '2014-12-10', 1, 'C01642', 'Paris', 'Kylian', 'F', '2377.00', 1),
(1647, '2015-10-31', 1, 'C01643', 'Bourgeois', 'Mathilde', 'M', '2351.00', 1),
(1648, '2013-08-20', 1, 'T01644', 'Bernard', 'Maëlys', 'F', '1649.00', 1),
(1649, '2010-08-05', 0, 'T01645', 'Bonnet', 'Zoe', 'M', '2315.00', 1),
(1650, '2010-12-16', 1, 'C01646', 'Richard', 'Enzo', 'F', '1007.00', 1),
(1651, '2014-07-15', 1, 'T01647', 'Huet', 'Lilou', 'F', '1069.00', 1),
(1652, '2010-04-29', 0, 'T01648', 'Vidal', 'Camille', 'F', '1589.00', 1),
(1653, '2015-10-09', 1, 'C01649', 'Garnier', 'Maxime', 'M', '1628.00', 1),
(1654, '2011-06-27', 0, 'C01650', 'Marie', 'Lola', 'F', '2112.00', 1),
(1655, '2014-05-18', 1, 'T01651', 'Morin', 'Pierre', 'M', '1742.00', 1),
(1656, '2012-04-28', 1, 'M01652', 'Lefebvre', 'Mohamed', 'M', '1237.00', 1),
(1657, '2014-09-10', 1, 'T01653', 'Mathieu', 'Quentin', 'F', '1606.00', 1),
(1658, '2013-06-19', 0, 'T01654', 'Sanchez', 'Chloé', 'F', '1802.00', 1),
(1659, '2011-07-18', 1, 'T01655', 'Paul', 'Mélissa', 'F', '1507.00', 1),
(1660, '2012-06-13', 1, 'T01656', 'Marty', 'Julien', 'M', '1290.00', 1),
(1661, '2014-10-26', 0, 'C01657', 'Charles', 'Théo', 'M', '1714.00', 1),
(1662, '2011-01-08', 1, 'M01658', 'Dumas', 'Kylian', 'M', '1053.00', 1),
(1663, '2010-05-10', 0, 'M01659', 'Perrot', 'Lena', 'M', '1476.00', 1),
(1664, '2012-09-03', 1, 'T01660', 'Vasseur', 'Justine', 'F', '1678.00', 1),
(1665, '2013-02-05', 1, 'M01661', 'Aubert', 'Maëlle', 'M', '1438.00', 1),
(1666, '2013-12-02', 1, 'T01662', 'Paris', 'Rayan', 'M', '2317.00', 1),
(1667, '2011-09-12', 0, 'C01663', 'Masson', 'Alexis', 'F', '2495.00', 1),
(1668, '2013-09-04', 1, 'M01664', 'Caron', 'Tom', 'M', '1748.00', 1),
(1669, '2011-12-24', 1, 'M01665', 'Fleury', 'Benjamin', 'F', '1448.00', 1),
(1670, '2012-11-07', 0, 'M01666', 'Duval', 'Alicia', 'M', '1091.00', 1),
(1671, '2010-12-18', 0, 'C01667', 'Mercier', 'Maëlys', 'M', '2078.00', 1),
(1672, '2012-05-18', 0, 'T01668', 'Fournier', 'Maxence', 'M', '2367.00', 1),
(1673, '2015-12-16', 0, 'T01669', 'Legrand', 'Hugo', 'M', '2312.00', 1),
(1674, '2013-04-01', 1, 'C01670', 'Jacquet', 'Emilie', 'F', '2047.00', 1),
(1675, '2010-09-26', 1, 'T01671', 'Perez', 'Julien', 'F', '2435.00', 1),
(1676, '2013-03-23', 0, 'T01672', 'Moulin', 'Hugo', 'M', '1940.00', 1),
(1677, '2012-08-22', 1, 'T01673', 'Louis', 'Alexandre', 'F', '2467.00', 1),
(1678, '2011-11-19', 0, 'C01674', 'Carpentier', 'Mathis', 'F', '1712.00', 1),
(1679, '2014-05-18', 0, 'T01675', 'Gautier', 'Laura', 'M', '1660.00', 1),
(1680, '2013-02-16', 1, 'T01676', 'Aubert', 'Ines', 'F', '1008.00', 1),
(1681, '2015-03-04', 0, 'T01677', 'Richard', 'Yanis', 'M', '1858.00', 1),
(1682, '2014-08-02', 0, 'T01678', 'Guyot', 'Benjamin', 'M', '1013.00', 1),
(1683, '2015-12-11', 0, 'T01679', 'Lopez', 'Zoe', 'M', '1798.00', 1),
(1684, '2011-03-17', 0, 'T01680', 'Gonzalez', 'Paul', 'M', '1405.00', 1),
(1685, '2013-06-09', 1, 'T01681', 'Royer', 'Célia', 'F', '1026.00', 1),
(1686, '2014-04-06', 0, 'T01682', 'Perez', 'Océane', 'M', '1331.00', 1),
(1687, '2011-03-29', 1, 'M01683', 'Lemaire', 'Chloé', 'F', '2434.00', 1),
(1688, '2014-12-16', 1, 'M01684', 'Menard', 'Clara', 'M', '1160.00', 1),
(1689, '2013-06-18', 0, 'M01685', 'Gerard', 'Camille', 'F', '2283.00', 1),
(1690, '2011-05-16', 1, 'T01686', 'Durand', 'Eva', 'M', '1818.00', 1),
(1691, '2012-10-11', 0, 'T01687', 'Fernandez', 'Lina', 'F', '2353.00', 1),
(1692, '2014-08-30', 1, 'T01688', 'Deschamps', 'Jules', 'M', '2148.00', 1),
(1693, '2012-08-07', 1, 'T01689', 'Caron', 'Mélissa', 'M', '1723.00', 1),
(1694, '2014-10-10', 0, 'T01690', 'Breton', 'Mael', 'F', '1972.00', 1),
(1695, '2015-02-07', 0, 'T01691', 'Richard', 'Ethan', 'M', '1760.00', 1),
(1696, '2013-12-31', 1, 'M01692', 'Hubert', 'Manon', 'F', '1453.00', 1),
(1697, '2012-10-04', 1, 'T01693', 'Moulin', 'Romain', 'M', '1732.00', 1),
(1698, '2010-11-06', 0, 'T01694', 'Girard', 'Lena', 'M', '1778.00', 1),
(1699, '2013-10-09', 1, 'T01695', 'Girard', 'Jeanne', 'F', '2235.00', 1),
(1700, '2012-09-08', 1, 'T01696', 'Dumont', 'Louis', 'F', '2122.00', 1),
(1701, '2014-06-20', 0, 'M01697', 'Menard', 'Maxime', 'F', '1621.00', 1),
(1702, '2011-01-19', 1, 'T01698', 'Mercier', 'Lilou', 'F', '1835.00', 1),
(1703, '2012-06-26', 0, 'C01699', 'Brunet', 'Zoe', 'F', '2005.00', 1),
(1704, '2012-12-19', 1, 'C01700', 'Muller', 'Sacha', 'M', '1398.00', 1),
(1705, '2015-05-28', 0, 'C01701', 'Lefevre', 'Antoine', 'M', '2362.00', 1),
(1706, '2010-03-16', 1, 'T01702', 'Roche', 'Lola', 'M', '2254.00', 1),
(1707, '2015-11-04', 1, 'T01703', 'Durand', 'Romain', 'M', '2266.00', 1),
(1708, '2014-03-12', 0, 'T01704', 'Fernandez', 'Louis', 'M', '1686.00', 1),
(1709, '2013-08-28', 1, 'T01705', 'Richard', 'Rayan', 'M', '2001.00', 1),
(1710, '2014-04-14', 1, 'T01706', 'Gauthier', 'Chloé', 'M', '2220.00', 1),
(1711, '2014-02-22', 0, 'T01707', 'Simon', 'Alicia', 'M', '1255.00', 1),
(1712, '2012-06-04', 0, 'T01708', 'Schmitt', 'Thomas', 'M', '1752.00', 1),
(1713, '2010-06-05', 0, 'T01709', 'Fernandez', 'Clémence', 'F', '1100.00', 1),
(1714, '2014-05-10', 1, 'T01710', 'Roger', 'Noa', 'F', '2389.00', 1),
(1715, '2014-04-30', 1, 'T01711', 'Moreau', 'Pierre', 'F', '1679.00', 1),
(1716, '2010-03-11', 1, 'C01712', 'Dufour', 'Carla', 'M', '2433.00', 1),
(1717, '2015-01-27', 0, 'C01713', 'Aubry', 'Alexis', 'F', '1479.00', 1),
(1718, '2014-11-12', 1, 'T01714', 'Francois', 'Mathis', 'M', '1716.00', 1),
(1719, '2011-04-25', 0, 'T01715', 'Charpentier', 'Rayan', 'F', '1271.00', 1),
(1720, '2011-01-29', 0, 'T01716', 'Leclercq', 'Sacha', 'F', '2189.00', 1),
(1721, '2013-04-05', 1, 'T01717', 'Martin', 'Noa', 'M', '1649.00', 1),
(1722, '2011-12-05', 0, 'T01718', 'Breton', 'Pauline', 'F', '1272.00', 1),
(1723, '2015-10-28', 0, 'M01719', 'Denis', 'Benjamin', 'M', '2156.00', 1),
(1724, '2013-08-17', 1, 'T01720', 'Da silva', 'Alice', 'M', '2004.00', 1),
(1725, '2015-07-07', 0, 'T01721', 'Dumas', 'Anaïs', 'F', '2185.00', 1),
(1726, '2010-02-03', 0, 'M01722', 'Guillot', 'Maëlys', 'F', '2158.00', 1),
(1727, '2011-11-22', 0, 'C01723', 'Denis', 'Eva', 'F', '1096.00', 1),
(1728, '2015-02-08', 1, 'T01724', 'Leclerc', 'Yanis', 'F', '1554.00', 1),
(1729, '2014-07-26', 0, 'T01725', 'Baron', 'Sarah', 'F', '1669.00', 1),
(1730, '2010-01-15', 1, 'C01726', 'Lambert', 'Raphaël', 'M', '2479.00', 1),
(1731, '2014-03-23', 0, 'C01727', 'Fournier', 'Charlotte', 'F', '1241.00', 1),
(1732, '2013-01-20', 0, 'T01728', 'Da silva', 'Sarah', 'F', '1369.00', 1),
(1733, '2011-01-24', 0, 'M01729', 'Charpentier', 'Océane', 'F', '2315.00', 1),
(1734, '2011-03-05', 0, 'M01730', 'Pierre', 'Jeanne', 'F', '1816.00', 1),
(1735, '2011-04-12', 1, 'M01731', 'Pons', 'Camille', 'M', '2178.00', 1),
(1736, '2014-02-10', 0, 'T01732', 'Marty', 'Marie', 'M', '1369.00', 1),
(1737, '2012-09-05', 0, 'T01733', 'Lopez', 'Noah', 'M', '1396.00', 1),
(1738, '2013-07-26', 0, 'T01734', 'Sanchez', 'Océane', 'M', '2066.00', 1),
(1739, '2013-08-19', 1, 'T01735', 'Faure', 'Lucas', 'M', '1661.00', 1),
(1740, '2014-01-27', 0, 'T01736', 'Fabre', 'Thomas', 'F', '1837.00', 1),
(1741, '2014-01-18', 0, 'T01737', 'Collet', 'Noa', 'F', '1741.00', 1),
(1742, '2014-05-14', 0, 'C01738', 'Paris', 'Quentin', 'F', '1447.00', 1),
(1743, '2014-11-15', 1, 'T01739', 'Olivier', 'Mattéo', 'F', '1296.00', 1),
(1744, '2015-04-18', 0, 'M01740', 'Moreau', 'Clémence', 'F', '2190.00', 1),
(1745, '2012-09-27', 1, 'C01741', 'Olivier', 'Mohamed', 'M', '1399.00', 1),
(1746, '2015-06-20', 1, 'T01742', 'Thomas', 'Camille', 'M', '1558.00', 1),
(1747, '2013-04-08', 0, 'C01743', 'Bertrand', 'Lola', 'M', '2494.00', 1),
(1748, '2014-11-22', 1, 'T01744', 'Boyer', 'Axel', 'M', '2028.00', 1),
(1749, '2014-06-06', 0, 'C01745', 'Arnaud', 'Rayan', 'F', '2380.00', 1),
(1750, '2011-02-03', 0, 'T01746', 'Schneider', 'Pauline', 'F', '1585.00', 1),
(1751, '2012-10-16', 1, 'T01747', 'Paris', 'Ambre', 'M', '2336.00', 1),
(1752, '2012-02-25', 1, 'C01748', 'Hubert', 'Anaïs', 'M', '2064.00', 1),
(1753, '2012-12-26', 1, 'T01749', 'Guillaume', 'Célia', 'F', '2133.00', 1),
(1754, '2012-02-26', 1, 'C01750', 'Martin', 'Jade', 'F', '1018.00', 1),
(1755, '2015-04-11', 1, 'T01751', 'Moulin', 'Antoine', 'M', '1080.00', 1),
(1756, '2010-05-04', 1, 'T01752', 'Carre', 'Rayan', 'M', '1170.00', 1),
(1757, '2010-07-12', 1, 'T01753', 'Mercier', 'Noa', 'F', '2267.00', 1),
(1758, '2012-05-16', 0, 'T01754', 'Laurent', 'Gabriel', 'M', '1147.00', 1),
(1759, '2011-09-02', 0, 'T01755', 'Laine', 'Maxime', 'M', '1390.00', 1),
(1760, '2012-11-03', 1, 'C01756', 'Bertrand', 'Célia', 'M', '1548.00', 1),
(1761, '2011-09-01', 0, 'T01757', 'Mathieu', 'Chloé', 'F', '1395.00', 1),
(1762, '2011-08-28', 1, 'T01758', 'Vidal', 'Maëlle', 'F', '1162.00', 1),
(1763, '2013-03-09', 0, 'C01759', 'Schneider', 'Benjamin', 'F', '1710.00', 1),
(1764, '2010-07-10', 0, 'T01760', 'Renard', 'Lola', 'F', '1997.00', 1),
(1765, '2010-07-31', 1, 'M01761', 'Girard', 'Louise', 'F', '1005.00', 1),
(1766, '2010-02-14', 1, 'T01762', 'Morin', 'Pierre', 'M', '1138.00', 1),
(1767, '2014-03-26', 1, 'C01763', 'Dubois', 'Anaïs', 'F', '1400.00', 1),
(1768, '2014-11-03', 0, 'M01764', 'Lambert', 'Gabriel', 'M', '1800.00', 1),
(1769, '2013-08-18', 1, 'T01765', 'Hubert', 'Louis', 'F', '1167.00', 1),
(1770, '2011-02-10', 1, 'M01766', 'Dumont', 'Léo', 'M', '1342.00', 1),
(1771, '2013-08-03', 0, 'M01767', 'Blanchard', 'Jeanne', 'F', '2128.00', 1),
(1772, '2010-01-11', 0, 'T01768', 'Vasseur', 'Sacha', 'M', '1933.00', 1),
(1773, '2013-11-10', 0, 'C01769', 'Rousseau', 'Clémence', 'F', '1129.00', 1),
(1774, '2014-09-20', 1, 'M01770', 'Gauthier', 'Mélissa', 'M', '1974.00', 1),
(1775, '2015-01-25', 0, 'M01771', 'Paul', 'Elisa', 'M', '1058.00', 1),
(1776, '2013-05-04', 0, 'T01772', 'Philippe', 'Léa', 'M', '1554.00', 1),
(1777, '2011-06-15', 1, 'T01773', 'Berger', 'Enzo', 'M', '1634.00', 1),
(1778, '2012-02-29', 1, 'T01774', 'Renault', 'Tom', 'F', '1111.00', 1),
(1779, '2012-05-19', 1, 'T01775', 'Girard', 'Noa', 'F', '1239.00', 1),
(1780, '2013-03-04', 0, 'T01776', 'Schneider', 'Ambre', 'F', '1965.00', 1),
(1781, '2013-06-30', 1, 'T01777', 'Huet', 'Nicolas', 'M', '2140.00', 1),
(1782, '2011-05-22', 0, 'T01778', 'Guyot', 'Yanis', 'M', '1565.00', 1),
(1783, '2013-02-02', 0, 'T01779', 'Picard', 'Alexis', 'F', '1293.00', 1),
(1784, '2010-09-29', 0, 'T01780', 'Fernandez', 'Nicolas', 'F', '2146.00', 1),
(1785, '2010-04-16', 1, 'T01781', 'Vidal', 'Mathéo', 'F', '1970.00', 1),
(1786, '2012-10-13', 0, 'T01782', 'Gauthier', 'Jules', 'F', '2304.00', 1),
(1787, '2014-02-18', 0, 'T01783', 'Martinez', 'Arthur', 'M', '2039.00', 1),
(1788, '2014-03-10', 0, 'T01784', 'Martin', 'Emilie', 'F', '2466.00', 1),
(1789, '2014-05-16', 0, 'T01785', 'Le roux', 'Benjamin', 'F', '1674.00', 1),
(1790, '2011-06-17', 0, 'C01786', 'Lucas', 'Marie', 'M', '1024.00', 1),
(1791, '2011-12-20', 1, 'T01787', 'Moreau', 'Julie', 'F', '1602.00', 1),
(1792, '2010-04-24', 0, 'M01788', 'Morin', 'Hugo', 'F', '2265.00', 1),
(1793, '2014-06-05', 1, 'T01789', 'Paul', 'Adam', 'F', '2210.00', 1),
(1794, '2014-05-26', 0, 'T01790', 'Rodriguez', 'Mélissa', 'F', '1610.00', 1),
(1795, '2010-01-11', 0, 'T01791', 'Pons', 'Arthur', 'F', '1474.00', 1),
(1796, '2011-10-31', 0, 'T01792', 'Lacroix', 'Lena', 'M', '2162.00', 1),
(1797, '2012-03-29', 1, 'T01793', 'Clement', 'Clément', 'F', '1331.00', 1),
(1798, '2012-08-28', 0, 'C01794', 'Barre', 'Justine', 'F', '1382.00', 1),
(1799, '2014-08-21', 0, 'T01795', 'Le roux', 'Maxence', 'M', '2294.00', 1),
(1800, '2014-12-27', 0, 'C01796', 'Guillaume', 'Mathilde', 'M', '2366.00', 1),
(1801, '2010-07-31', 0, 'T01797', 'Marchal', 'Laura', 'M', '1895.00', 1),
(1802, '2014-08-07', 1, 'T01798', 'Leroux', 'Eva', 'F', '1727.00', 1),
(1803, '2012-01-07', 1, 'T01799', 'Gauthier', 'Romane', 'M', '1527.00', 1),
(1804, '2012-11-04', 0, 'M01800', 'Carpentier', 'Arthur', 'M', '2408.00', 1),
(1805, '2014-01-07', 1, 'M01801', 'Chevalier', 'Ines', 'M', '2093.00', 1),
(1806, '2014-05-28', 0, 'T01802', 'Sanchez', 'Pauline', 'F', '1608.00', 1),
(1807, '2014-02-13', 0, 'T01803', 'Lecomte', 'Tom', 'M', '1405.00', 1),
(1808, '2015-02-18', 1, 'T01804', 'Poirier', 'Maxence', 'F', '1759.00', 1),
(1809, '2012-06-14', 0, 'T01805', 'Sanchez', 'Victor', 'F', '2109.00', 1),
(1810, '2010-08-16', 1, 'M01806', 'Gauthier', 'Ambre', 'F', '2468.00', 1),
(1811, '2012-01-26', 1, 'T01807', 'Marie', 'Eva', 'F', '1412.00', 1),
(1812, '2015-05-18', 1, 'M01808', 'Da silva', 'Alexis', 'M', '1577.00', 1),
(1813, '2014-11-23', 0, 'T01809', 'Leclerc', 'Mattéo', 'M', '1428.00', 1),
(1814, '2011-03-28', 0, 'M01810', 'Arnaud', 'Noa', 'M', '2019.00', 1),
(1815, '2015-03-14', 0, 'T01811', 'Philippe', 'Jade', 'M', '1091.00', 1),
(1816, '2013-12-20', 0, 'T01812', 'Perez', 'Arthur', 'M', '2235.00', 1),
(1817, '2010-07-05', 0, 'T01813', 'Roy', 'Valentin', 'F', '1476.00', 1),
(1818, '2010-08-19', 0, 'C01814', 'Lecomte', 'Mael', 'M', '1250.00', 1),
(1819, '2012-06-20', 0, 'T01815', 'Lambert', 'Zoe', 'M', '1831.00', 1),
(1820, '2012-12-14', 0, 'T01816', 'Barbier', 'Alexis', 'F', '2482.00', 1),
(1821, '2010-02-22', 1, 'T01817', 'Charpentier', 'Clara', 'F', '1720.00', 1),
(1822, '2013-08-16', 0, 'T01818', 'Le gall', 'Laura', 'F', '1763.00', 1),
(1823, '2015-03-09', 1, 'T01819', 'Poirier', 'Chloé', 'F', '1184.00', 1),
(1824, '2014-02-23', 0, 'T01820', 'Guyot', 'Maxence', 'F', '1722.00', 1),
(1825, '2010-07-16', 1, 'T01821', 'Poirier', 'Valentin', 'F', '1202.00', 1),
(1826, '2011-07-15', 1, 'M01822', 'Lacroix', 'Julie', 'F', '1752.00', 1),
(1827, '2013-12-31', 0, 'T01823', 'Bonnet', 'Sarah', 'F', '1381.00', 1),
(1828, '2011-07-22', 0, 'T01824', 'Gauthier', 'Maëlle', 'F', '1087.00', 1),
(1829, '2010-12-16', 0, 'T01825', 'Maillard', 'Lina', 'F', '1623.00', 1),
(1830, '2012-01-16', 0, 'T01826', 'Lefebvre', 'Julien', 'F', '1234.00', 1),
(1831, '2012-12-12', 0, 'C01827', 'Thomas', 'Jeanne', 'F', '1761.00', 1),
(1832, '2012-01-20', 1, 'T01828', 'Fleury', 'Hugo', 'M', '1177.00', 1),
(1833, '2013-10-16', 1, 'T01829', 'Roche', 'Noa', 'M', '1217.00', 1),
(1834, '2014-05-18', 1, 'M01830', 'Collet', 'Eva', 'F', '1662.00', 1),
(1835, '2013-12-19', 0, 'M01831', 'Vincent', 'Océane', 'M', '2030.00', 1),
(1836, '2011-04-23', 0, 'T01832', 'Colin', 'Nicolas', 'F', '1578.00', 1),
(1837, '2010-02-02', 0, 'T01833', 'Lefevre', 'Louna', 'F', '1144.00', 1),
(1838, '2015-04-24', 1, 'T01834', 'Rey', 'Nathan', 'F', '2004.00', 1),
(1839, '2015-06-18', 1, 'C01835', 'Perrot', 'Arthur', 'M', '2219.00', 1),
(1840, '2011-12-01', 1, 'T01836', 'Blanchard', 'Mathéo', 'M', '2370.00', 1),
(1841, '2010-06-22', 0, 'T01837', 'David', 'Mathéo', 'F', '1805.00', 1),
(1842, '2012-07-08', 1, 'C01838', 'Lacroix', 'Louis', 'F', '1672.00', 1),
(1843, '2012-06-18', 1, 'T01839', 'Gaillard', 'Adam', 'F', '2038.00', 1),
(1844, '2011-11-02', 1, 'T01840', 'Vidal', 'Théo', 'F', '2182.00', 1),
(1845, '2013-09-11', 0, 'T01841', 'Picard', 'Kylian', 'F', '1377.00', 1),
(1846, '2015-11-29', 0, 'M01842', 'Pierre', 'Jules', 'M', '1544.00', 1),
(1847, '2010-07-12', 0, 'M01843', 'Vasseur', 'Léa', 'F', '1443.00', 1),
(1848, '2013-01-22', 1, 'T01844', 'Fernandez', 'Alicia', 'F', '1443.00', 1),
(1849, '2014-05-21', 0, 'T01845', 'Pons', 'Manon', 'M', '2090.00', 1),
(1850, '2015-03-22', 0, 'T01846', 'Renaud', 'Romane', 'F', '1078.00', 1),
(1851, '2013-08-08', 1, 'T01847', 'Pierre', 'Benjamin', 'F', '1635.00', 1),
(1852, '2013-01-09', 0, 'C01848', 'Le roux', 'Ethan', 'M', '1844.00', 1),
(1853, '2013-10-17', 0, 'C01849', 'Dufour', 'Nicolas', 'M', '1830.00', 1),
(1854, '2010-02-26', 0, 'M01850', 'Marchal', 'Ethan', 'F', '1262.00', 1),
(1855, '2014-03-30', 1, 'C01851', 'Durand', 'Alexandre', 'M', '1385.00', 1),
(1856, '2015-12-20', 1, 'T01852', 'Rolland', 'Louna', 'M', '2120.00', 1),
(1857, '2011-08-29', 0, 'T01853', 'Bernard', 'Mattéo', 'F', '1266.00', 1),
(1858, '2010-08-12', 1, 'C01854', 'Deschamps', 'Maeva', 'F', '1676.00', 1),
(1859, '2010-05-25', 0, 'T01855', 'Rey', 'Adrien', 'M', '2058.00', 1),
(1860, '2013-06-12', 1, 'M01856', 'Gerard', 'Enzo', 'F', '2460.00', 1),
(1861, '2013-10-08', 1, 'T01857', 'Girard', 'Zoe', 'M', '2441.00', 1),
(1862, '2014-07-12', 0, 'C01858', 'Moulin', 'Victor', 'M', '1088.00', 1),
(1863, '2014-07-02', 1, 'C01859', 'Nicolas', 'Adam', 'M', '1109.00', 1),
(1864, '2015-11-30', 0, 'T01860', 'Nguyen', 'Emilie', 'F', '1723.00', 1),
(1865, '2012-09-21', 1, 'T01861', 'Joly', 'Victor', 'M', '1316.00', 1),
(1866, '2011-08-22', 1, 'T01862', 'Roche', 'Ambre', 'F', '1518.00', 1),
(1867, '2014-10-24', 0, 'T01863', 'Baron', 'Zoe', 'F', '1949.00', 1),
(1868, '2014-01-05', 1, 'T01864', 'Fleury', 'Justine', 'F', '1915.00', 1),
(1869, '2012-04-10', 0, 'C01865', 'Clement', 'Valentin', 'M', '2398.00', 1),
(1870, '2013-05-27', 0, 'T01866', 'Julien', 'Nicolas', 'M', '1618.00', 1),
(1871, '2013-02-28', 1, 'M01867', 'David', 'Romane', 'M', '1967.00', 1),
(1872, '2013-04-05', 1, 'M01868', 'Lucas', 'Mael', 'M', '2118.00', 1),
(1873, '2011-11-30', 1, 'T01869', 'Da silva', 'Romain', 'F', '1241.00', 1),
(1874, '2012-09-22', 1, 'C01870', 'Leroy', 'Yanis', 'F', '2414.00', 1),
(1875, '2011-10-30', 1, 'T01871', 'Le roux', 'Paul', 'F', '2222.00', 1),
(1876, '2010-04-16', 1, 'T01872', 'Dupont', 'Charlotte', 'F', '2213.00', 1),
(1877, '2012-06-22', 0, 'T01873', 'Deschamps', 'Sarah', 'F', '1138.00', 1),
(1878, '2011-09-13', 1, 'T01874', 'Mathieu', 'Emilie', 'M', '2058.00', 1),
(1879, '2014-10-13', 1, 'T01875', 'Deschamps', 'Romane', 'F', '1079.00', 1),
(1880, '2010-09-26', 0, 'M01876', 'Mercier', 'Maëlys', 'M', '1044.00', 1),
(1881, '2014-09-06', 0, 'T01877', 'Guerin', 'Mattéo', 'M', '1501.00', 1),
(1882, '2015-01-28', 0, 'C01878', 'Arnaud', 'Noémie', 'F', '1281.00', 1),
(1883, '2010-06-14', 1, 'T01879', 'Moreau', 'Lou', 'F', '1831.00', 1),
(1884, '2013-05-26', 1, 'M01880', 'Masson', 'Tom', 'M', '1351.00', 1),
(1885, '2010-06-13', 1, 'T01881', 'Leclercq', 'Arthur', 'M', '1485.00', 1),
(1886, '2013-02-07', 0, 'T01882', 'Leclercq', 'Hugo', 'F', '1138.00', 1),
(1887, '2011-02-23', 1, 'M01883', 'Rolland', 'Marie', 'M', '1360.00', 1),
(1888, '2010-07-27', 0, 'T01884', 'Colin', 'Mael', 'F', '2474.00', 1),
(1889, '2013-04-05', 0, 'T01885', 'Gauthier', 'Valentin', 'M', '1000.00', 1),
(1890, '2012-05-15', 1, 'M01886', 'Laurent', 'Léo', 'F', '1450.00', 1),
(1891, '2013-11-17', 1, 'T01887', 'Barbier', 'Maëlle', 'M', '1758.00', 1),
(1892, '2011-02-23', 1, 'T01888', 'Morel', 'Nathan', 'M', '1403.00', 1),
(1893, '2011-01-10', 1, 'T01889', 'Olivier', 'Raphaël', 'F', '1979.00', 1),
(1894, '2015-12-26', 0, 'T01890', 'Garnier', 'Nicolas', 'F', '1390.00', 1),
(1895, '2012-10-09', 0, 'T01891', 'Vidal', 'Noa', 'M', '2181.00', 1),
(1896, '2013-06-13', 1, 'T01892', 'Dumas', 'Noa', 'F', '1439.00', 1),
(1897, '2011-10-02', 1, 'T01893', 'Andre', 'Pauline', 'F', '1722.00', 1),
(1898, '2015-05-12', 1, 'T01894', 'Marty', 'Valentin', 'F', '2483.00', 1),
(1899, '2015-12-19', 1, 'C01895', 'Mathieu', 'Laura', 'M', '1650.00', 1),
(1900, '2013-09-29', 1, 'T01896', 'Morel', 'Maxime', 'F', '1946.00', 1),
(1901, '2014-03-14', 1, 'T01897', 'Huet', 'Noah', 'M', '1416.00', 1),
(1902, '2012-08-23', 0, 'T01898', 'Legrand', 'Louise', 'F', '1877.00', 1),
(1903, '2014-09-22', 0, 'T01899', 'Lucas', 'Alicia', 'M', '1504.00', 1),
(1904, '2010-12-17', 1, 'T01900', 'Schmitt', 'Jules', 'M', '1320.00', 1),
(1905, '2011-10-31', 1, 'M01901', 'Le roux', 'Gabriel', 'M', '1047.00', 1),
(1906, '2012-08-10', 1, 'T01902', 'Blanc', 'Elisa', 'M', '1677.00', 1),
(1907, '2015-10-30', 0, 'M01903', 'Laurent', 'Alicia', 'F', '1399.00', 1),
(1908, '2013-04-16', 1, 'T01904', 'Caron', 'Sarah', 'F', '2266.00', 1),
(1909, '2011-10-09', 1, 'T01905', 'Martin', 'Pauline', 'M', '1225.00', 1),
(1910, '2014-06-07', 1, 'T01906', 'Arnaud', 'Mathilde', 'M', '1792.00', 1),
(1911, '2011-03-16', 1, 'M01907', 'Gaillard', 'Nathan', 'F', '1184.00', 1),
(1912, '2011-02-04', 1, 'T01908', 'Michel', 'Romain', 'F', '1381.00', 1),
(1913, '2012-01-31', 0, 'C01909', 'Roche', 'Sarah', 'F', '1335.00', 1),
(1914, '2012-12-18', 1, 'T01910', 'Meunier', 'Benjamin', 'F', '1643.00', 1),
(1915, '2014-10-13', 1, 'T01911', 'Dubois', 'Léo', 'M', '1070.00', 1),
(1916, '2011-11-10', 1, 'T01912', 'Caron', 'Eva', 'M', '1651.00', 1),
(1917, '2010-07-06', 0, 'T01913', 'Dupuis', 'Baptiste', 'M', '1236.00', 1),
(1918, '2013-02-25', 0, 'T01914', 'Legrand', 'Lena', 'F', '1280.00', 1),
(1919, '2015-05-12', 1, 'T01915', 'Leclercq', 'Yanis', 'M', '1486.00', 1),
(1920, '2014-08-24', 1, 'T01916', 'Bernard', 'Mélissa', 'F', '2241.00', 1),
(1921, '2013-01-21', 1, 'C01917', 'Colin', 'Adam', 'F', '1448.00', 1),
(1922, '2014-02-20', 0, 'T01918', 'Marie', 'Océane', 'F', '1499.00', 1),
(1923, '2013-01-03', 0, 'C01919', 'Lacroix', 'Léo', 'M', '1224.00', 1),
(1924, '2014-05-16', 0, 'T01920', 'Michel', 'Pauline', 'M', '1170.00', 1),
(1925, '2011-02-12', 0, 'M01921', 'Gautier', 'Lina', 'M', '1860.00', 1),
(1926, '2015-01-25', 1, 'C01922', 'Rolland', 'Julie', 'F', '1931.00', 1),
(1927, '2014-10-03', 0, 'T01923', 'Legrand', 'Evan', 'M', '2399.00', 1),
(1928, '2013-06-08', 0, 'T01924', 'Duval', 'Noah', 'M', '1137.00', 1),
(1929, '2010-11-03', 0, 'C01925', 'Benoit', 'Alice', 'M', '1542.00', 1),
(1930, '2014-04-21', 0, 'M01926', 'Royer', 'Louis', 'M', '1341.00', 1),
(1931, '2015-04-01', 0, 'T01927', 'Julien', 'Thomas', 'M', '2476.00', 1),
(1932, '2014-05-15', 1, 'T01928', 'Morel', 'Pierre', 'M', '2156.00', 1),
(1933, '2011-12-14', 1, 'C01929', 'Barbier', 'Anaïs', 'M', '2265.00', 1),
(1934, '2015-01-10', 1, 'T01930', 'Carre', 'Louna', 'F', '1047.00', 1),
(1935, '2013-11-07', 0, 'T01931', 'Gonzalez', 'Clara', 'M', '2284.00', 1),
(1936, '2014-09-18', 1, 'T01932', 'Lemoine', 'Romain', 'F', '2466.00', 1),
(1937, '2012-10-26', 0, 'M01933', 'Maillard', 'Gabriel', 'M', '1503.00', 1),
(1938, '2013-12-12', 1, 'T01934', 'Moreau', 'Sarah', 'F', '1204.00', 1),
(1939, '2014-02-13', 0, 'T01935', 'Arnaud', 'Eva', 'M', '1007.00', 1),
(1940, '2010-05-02', 1, 'C01936', 'Robin', 'Jade', 'M', '2027.00', 1),
(1941, '2014-12-03', 1, 'T01937', 'Prevost', 'Lina', 'M', '1481.00', 1),
(1942, '2014-12-06', 1, 'T01938', 'Rey', 'Tom', 'M', '1481.00', 1),
(1943, '2013-02-02', 0, 'T01939', 'Breton', 'Ethan', 'F', '2323.00', 1),
(1944, '2010-07-11', 1, 'T01940', 'Nicolas', 'Louna', 'M', '1198.00', 1),
(1945, '2011-08-05', 1, 'T01941', 'Renault', 'Maxence', 'M', '2476.00', 1),
(1946, '2012-09-04', 1, 'T01942', 'Bourgeois', 'Axel', 'F', '1468.00', 1),
(1947, '2012-04-17', 1, 'C01943', 'Richard', 'Eva', 'M', '1523.00', 1),
(1948, '2014-02-23', 0, 'T01944', 'Petit', 'Elisa', 'F', '1802.00', 1),
(1949, '2011-06-06', 1, 'T01945', 'Schmitt', 'Pierre', 'M', '1914.00', 1),
(1950, '2011-08-18', 0, 'C01946', 'Leroy', 'Romane', 'F', '1258.00', 1),
(1951, '2010-03-31', 0, 'T01947', 'Renault', 'Axel', 'F', '1013.00', 1),
(1952, '2012-11-22', 0, 'T01948', 'Robert', 'Marie', 'M', '2463.00', 1),
(1953, '2015-02-22', 0, 'C01949', 'Breton', 'Camille', 'F', '1672.00', 1),
(1954, '2012-04-16', 1, 'T01950', 'Picard', 'Léo', 'M', '2195.00', 1),
(1955, '2014-11-28', 0, 'T01951', 'Simon', 'Elisa', 'M', '1335.00', 1),
(1956, '2012-12-26', 0, 'C01952', 'Louis', 'Ines', 'F', '2000.00', 1),
(1957, '2012-05-01', 0, 'T01953', 'Vidal', 'Tom', 'F', '1292.00', 1),
(1958, '2014-08-08', 0, 'C01954', 'Giraud', 'Maëlys', 'M', '1734.00', 1),
(1959, '2013-09-11', 0, 'T01955', 'Prevost', 'Raphaël', 'M', '1098.00', 1),
(1960, '2010-02-21', 0, 'T01956', 'Benoit', 'Lilou', 'M', '1811.00', 1),
(1961, '2014-04-27', 1, 'C01957', 'Perrin', 'Mathis', 'F', '2480.00', 1),
(1962, '2014-11-14', 0, 'T01958', 'Gonzalez', 'Noah', 'F', '1596.00', 1),
(1963, '2015-12-10', 0, 'C01959', 'Julien', 'Romain', 'F', '2354.00', 1),
(1964, '2011-05-26', 1, 'T01960', 'Barre', 'Thomas', 'M', '1844.00', 1),
(1965, '2011-08-13', 0, 'M01961', 'Le gall', 'Célia', 'M', '1878.00', 1),
(1966, '2012-01-27', 0, 'M01962', 'Brunet', 'Alexis', 'F', '1304.00', 1),
(1967, '2010-06-01', 0, 'T01963', 'Clement', 'Lucas', 'F', '2219.00', 1),
(1968, '2012-11-15', 1, 'M01964', 'Clement', 'Romane', 'F', '1204.00', 1),
(1969, '2013-12-14', 1, 'M01965', 'Gaillard', 'Clara', 'F', '1544.00', 1),
(1970, '2013-05-26', 1, 'T01966', 'Girard', 'Elisa', 'M', '2038.00', 1),
(1971, '2014-03-09', 1, 'T01967', 'Dubois', 'Clément', 'F', '2420.00', 1),
(1972, '2015-06-20', 1, 'T01968', 'Lemaire', 'Jules', 'M', '2398.00', 1),
(1973, '2010-09-22', 0, 'T01969', 'Lambert', 'Valentin', 'F', '1975.00', 1),
(1974, '2012-02-22', 0, 'T01970', 'Hubert', 'Louis', 'M', '1360.00', 1),
(1975, '2012-08-23', 1, 'T01971', 'Rolland', 'Maëlle', 'F', '1491.00', 1),
(1976, '2013-07-08', 0, 'T01972', 'Blanc', 'Juliette', 'F', '1623.00', 1),
(1977, '2014-06-24', 0, 'T01973', 'Denis', 'Yanis', 'F', '2075.00', 1),
(1978, '2012-03-30', 0, 'T01974', 'Martin', 'Romane', 'M', '1827.00', 1),
(1979, '2012-07-14', 1, 'T01975', 'Lopez', 'Tom', 'M', '2363.00', 1),
(1980, '2011-12-02', 0, 'C01976', 'Lacroix', 'Noémie', 'F', '1312.00', 1),
(1981, '2014-07-02', 1, 'T01977', 'Robert', 'Elisa', 'M', '1385.00', 1),
(1982, '2013-10-27', 0, 'T01978', 'Dupuy', 'Juliette', 'F', '1480.00', 1),
(1983, '2012-09-27', 0, 'C01979', 'Hubert', 'Victor', 'M', '1619.00', 1),
(1984, '2012-09-04', 1, 'M01980', 'Rey', 'Alice', 'M', '1460.00', 1),
(1985, '2015-01-29', 0, 'T01981', 'Picard', 'Noah', 'M', '2321.00', 1),
(1986, '2014-11-09', 1, 'M01982', 'Remy', 'Alexis', 'F', '1870.00', 1),
(1987, '2015-09-02', 1, 'T01983', 'Sanchez', 'Maxime', 'M', '2173.00', 1),
(1988, '2013-01-20', 0, 'M01984', 'Louis', 'Maëlle', 'F', '1070.00', 1),
(1989, '2012-10-19', 0, 'M01985', 'Roger', 'Antoine', 'F', '1143.00', 1),
(1990, '2012-07-25', 1, 'T01986', 'Marie', 'Jules', 'F', '1873.00', 1),
(1991, '2010-07-05', 1, 'T01987', 'Dumas', 'Victor', 'F', '1773.00', 1),
(1992, '2013-10-09', 1, 'T01988', 'Fleury', 'Ambre', 'M', '1519.00', 1),
(1993, '2015-03-19', 0, 'T01989', 'Bourgeois', 'Louis', 'F', '2499.00', 1),
(1994, '2015-06-29', 0, 'T01990', 'Vasseur', 'Tom', 'F', '1276.00', 1),
(1995, '2013-05-03', 0, 'T01991', 'Da silva', 'Mohamed', 'F', '1822.00', 1),
(1996, '2013-01-07', 1, 'M01992', 'Louis', 'Pauline', 'F', '1027.00', 1),
(1997, '2011-08-01', 1, 'T01993', 'Masson', 'Nicolas', 'M', '1672.00', 1),
(1998, '2014-03-16', 1, 'T01994', 'Fleury', 'Maxime', 'M', '2284.00', 1),
(1999, '2015-09-24', 1, 'M01995', 'Colin', 'Juliette', 'M', '2482.00', 1),
(2000, '2014-01-07', 0, 'T01996', 'Roussel', 'Lucie', 'M', '1038.00', 1),
(2001, '2015-06-11', 1, 'M01997', 'Maillard', 'Antoine', 'F', '2372.00', 1),
(2002, '2015-07-02', 0, 'T01998', 'Thomas', 'Léa', 'F', '1596.00', 1),
(2003, '2014-05-26', 0, 'T01999', 'Martin', 'Kylian', 'F', '1912.00', 1),
(2004, '2011-01-17', 1, 'C02000', 'Guillot', 'Romane', 'M', '2203.00', 1),
(2005, '2010-08-23', 0, 'T02001', 'Bernard', 'Noah', 'F', '2363.00', 1),
(2006, '2013-03-31', 0, 'C02002', 'Carpentier', 'Louis', 'F', '1526.00', 1),
(2007, '2013-08-15', 0, 'T02003', 'Berger', 'Kylian', 'M', '1183.00', 1),
(2008, '2015-02-12', 0, 'C02004', 'Moulin', 'Léa', 'M', '2307.00', 1),
(2009, '2011-06-12', 1, 'T02005', 'Henry', 'Lena', 'M', '1482.00', 1),
(2010, '2013-06-13', 1, 'T02006', 'Dufour', 'Adrien', 'F', '1285.00', 1),
(2011, '2013-11-03', 1, 'M02007', 'Huet', 'Maëlle', 'M', '1317.00', 1),
(2012, '2015-07-10', 1, 'T02008', 'Roy', 'Axel', 'F', '1988.00', 1),
(2013, '2012-07-21', 1, 'T02009', 'Philippe', 'Noémie', 'M', '2245.00', 1),
(2014, '2014-11-22', 0, 'T02010', 'Morin', 'Rayan', 'F', '2061.00', 1),
(2015, '2015-04-19', 1, 'C02011', 'Brunet', 'Gabriel', 'F', '1641.00', 1),
(2016, '2013-08-17', 0, 'T02012', 'Carpentier', 'Clément', 'F', '2131.00', 1),
(2017, '2012-05-08', 0, 'M02013', 'Breton', 'Sarah', 'M', '1305.00', 1),
(2018, '2012-07-23', 1, 'T02014', 'Chevalier', 'Lisa', 'F', '2407.00', 1),
(2019, '2011-11-22', 1, 'M02015', 'Olivier', 'Mattéo', 'F', '1191.00', 1),
(2020, '2012-11-12', 1, 'T02016', 'Aubry', 'Raphaël', 'M', '2022.00', 1),
(2021, '2014-01-21', 1, 'C02017', 'Jean', 'Tom', 'F', '2461.00', 1),
(2022, '2013-08-10', 0, 'M02018', 'Michel', 'Adam', 'F', '2264.00', 1),
(2023, '2013-03-07', 0, 'T02019', 'Baron', 'Baptiste', 'M', '2036.00', 1),
(2024, '2010-02-02', 0, 'T02020', 'Riviere', 'Victor', 'F', '1390.00', 1),
(2025, '2010-08-14', 1, 'T02021', 'Noel', 'Antoine', 'F', '2025.00', 1),
(2026, '2014-11-04', 1, 'M02022', 'Henry', 'Juliette', 'M', '2143.00', 1),
(2027, '2012-09-23', 1, 'T02023', 'Carre', 'Mathilde', 'M', '1871.00', 1),
(2028, '2012-12-14', 1, 'M02024', 'Bourgeois', 'Léa', 'M', '1490.00', 1),
(2029, '2013-01-16', 1, 'T02025', 'Clement', 'Arthur', 'F', '1920.00', 1),
(2030, '2013-08-19', 1, 'T02026', 'Renaud', 'Maëlle', 'F', '2263.00', 1),
(2031, '2015-10-01', 0, 'T02027', 'Joly', 'Chloé', 'F', '1060.00', 1),
(2032, '2014-12-14', 1, 'T02028', 'Nguyen', 'Kylian', 'F', '1604.00', 1),
(2033, '2010-05-26', 1, 'C02029', 'Benoit', 'Jeanne', 'M', '2054.00', 1),
(2034, '2012-04-20', 0, 'M02030', 'Simon', 'Océane', 'M', '1683.00', 1),
(2035, '2011-11-01', 0, 'T02031', 'Legrand', 'Emilie', 'F', '1646.00', 1),
(2036, '2012-11-15', 0, 'T02032', 'Jacquet', 'Eva', 'M', '1000.00', 1),
(2037, '2010-01-02', 1, 'T02033', 'Moreau', 'Marie', 'M', '1668.00', 1),
(2038, '2012-06-14', 0, 'T02034', 'Petit', 'Carla', 'M', '1758.00', 1),
(2039, '2011-04-26', 1, 'M02035', 'Marchand', 'Antoine', 'F', '1093.00', 1),
(2040, '2012-07-15', 1, 'T02036', 'Sanchez', 'Anaïs', 'M', '1855.00', 1),
(2041, '2010-02-03', 0, 'M02037', 'Noel', 'Lucie', 'F', '2333.00', 1),
(2042, '2011-06-26', 0, 'T02038', 'Bernard', 'Gabriel', 'F', '1190.00', 1),
(2043, '2014-10-12', 0, 'T02039', 'Leclercq', 'Quentin', 'M', '1187.00', 1),
(2044, '2013-06-30', 1, 'T02040', 'Jacquet', 'Lena', 'F', '1076.00', 1),
(2045, '2014-08-26', 0, 'C02041', 'Fabre', 'Célia', 'F', '2218.00', 1),
(2046, '2012-02-15', 0, 'C02042', 'Gerard', 'Romane', 'M', '1373.00', 1),
(2047, '2013-01-21', 1, 'M02043', 'Roux', 'Maxence', 'M', '1052.00', 1),
(2048, '2010-06-07', 0, 'M02044', 'Bertrand', 'Maxence', 'F', '1003.00', 1),
(2049, '2011-03-14', 1, 'T02045', 'Simon', 'Louis', 'M', '1410.00', 1),
(2050, '2012-10-18', 0, 'T02046', 'Aubry', 'Lola', 'F', '1943.00', 1),
(2051, '2015-05-21', 0, 'T02047', 'Vincent', 'Nathan', 'F', '1602.00', 1),
(2052, '2013-08-05', 0, 'C02048', 'Leclercq', 'Manon', 'F', '2469.00', 1),
(2053, '2015-11-17', 0, 'T02049', 'Prevost', 'Noa', 'M', '1101.00', 1),
(2054, '2015-11-20', 0, 'M02050', 'Pons', 'Tom', 'M', '1404.00', 1),
(2055, '2015-07-10', 1, 'M02051', 'Garnier', 'Alexandre', 'F', '1272.00', 1),
(2056, '2010-01-24', 0, 'T02052', 'Vidal', 'Alicia', 'M', '2498.00', 1),
(2057, '2014-08-16', 0, 'M02053', 'Laurent', 'Julien', 'F', '1994.00', 1),
(2058, '2011-12-28', 1, 'T02054', 'Muller', 'Océane', 'F', '1769.00', 1),
(2059, '2015-10-09', 1, 'T02055', 'Renaud', 'Tom', 'M', '1713.00', 1),
(2060, '2013-05-13', 1, 'C02056', 'Leclercq', 'Noémie', 'F', '2415.00', 1),
(2061, '2011-12-26', 0, 'T02057', 'Gautier', 'Valentin', 'M', '1664.00', 1),
(2062, '2010-03-03', 1, 'T02058', 'Bernard', 'Mathéo', 'F', '2361.00', 1),
(2063, '2010-07-26', 1, 'T02059', 'Morel', 'Lisa', 'M', '1292.00', 1),
(2064, '2014-07-16', 1, 'T02060', 'Royer', 'Louis', 'F', '2471.00', 1),
(2065, '2011-06-15', 1, 'C02061', 'Barre', 'Chloé', 'M', '2457.00', 1),
(2066, '2013-04-21', 0, 'M02062', 'David', 'Pierre', 'M', '2133.00', 1),
(2067, '2010-03-18', 0, 'T02063', 'Cousin', 'Célia', 'M', '1128.00', 1),
(2068, '2013-09-10', 0, 'T02064', 'Fleury', 'Zoe', 'F', '1658.00', 1),
(2069, '2013-11-05', 1, 'T02065', 'David', 'Carla', 'M', '2453.00', 1),
(2070, '2013-06-07', 0, 'T02066', 'Lopez', 'Jeanne', 'F', '1393.00', 1),
(2071, '2012-07-04', 0, 'T02067', 'Chevalier', 'Emilie', 'M', '2021.00', 1),
(2072, '2011-12-05', 1, 'T02068', 'Giraud', 'Julie', 'M', '2105.00', 1),
(2073, '2015-05-26', 0, 'T02069', 'Giraud', 'Mathis', 'F', '2188.00', 1),
(2074, '2010-07-10', 1, 'T02070', 'Perez', 'Louna', 'M', '1285.00', 1),
(2075, '2013-04-07', 0, 'M02071', 'Deschamps', 'Maëlys', 'M', '1344.00', 1),
(2076, '2013-01-12', 1, 'C02072', 'Durand', 'Antoine', 'F', '2362.00', 1),
(2077, '2012-12-22', 0, 'T02073', 'Paul', 'Kylian', 'F', '1728.00', 1),
(2078, '2010-09-06', 1, 'T02074', 'Jean', 'Marie', 'M', '2320.00', 1),
(2079, '2013-01-25', 0, 'C02075', 'Duval', 'Rayan', 'M', '1751.00', 1),
(2080, '2012-03-10', 0, 'M02076', 'Mercier', 'Louis', 'F', '1465.00', 1),
(2081, '2011-09-11', 1, 'T02077', 'Brunet', 'Romane', 'M', '1574.00', 1),
(2082, '2013-05-30', 1, 'C02078', 'Le gall', 'Sacha', 'M', '1789.00', 1),
(2083, '2012-10-14', 0, 'T02079', 'Robin', 'Zoe', 'M', '1010.00', 1),
(2084, '2013-01-16', 1, 'T02080', 'Brun', 'Zoe', 'M', '1052.00', 1),
(2085, '2015-05-20', 1, 'T02081', 'Lopez', 'Ethan', 'F', '1559.00', 1),
(2086, '2015-12-09', 1, 'M02082', 'Caron', 'Emilie', 'M', '1356.00', 1),
(2087, '2014-05-28', 0, 'T02083', 'Marchand', 'Louise', 'M', '2340.00', 1),
(2088, '2013-07-23', 1, 'T02084', 'Perrot', 'Lilou', 'M', '1747.00', 1),
(2089, '2012-12-07', 1, 'T02085', 'Le roux', 'Mattéo', 'F', '2016.00', 1),
(2090, '2014-01-08', 0, 'T02086', 'Fournier', 'Mael', 'F', '1876.00', 1),
(2091, '2015-06-02', 0, 'M02087', 'Blanchard', 'Sacha', 'M', '1603.00', 1),
(2092, '2014-06-10', 1, 'T02088', 'Colin', 'Louise', 'F', '1592.00', 1),
(2093, '2013-05-04', 1, 'T02089', 'Guerin', 'Lucie', 'F', '1553.00', 1),
(2094, '2015-07-14', 1, 'T02090', 'Leclercq', 'Léa', 'M', '2427.00', 1),
(2095, '2015-05-04', 0, 'C02091', 'Lambert', 'Ambre', 'M', '2145.00', 1),
(2096, '2010-02-27', 0, 'T02092', 'Gautier', 'Maeva', 'F', '1433.00', 1),
(2097, '2011-11-01', 1, 'M02093', 'Gonzalez', 'Louis', 'F', '1048.00', 1),
(2098, '2011-12-27', 0, 'C02094', 'Gauthier', 'Romane', 'F', '1358.00', 1),
(2099, '2013-05-03', 0, 'T02095', 'Masson', 'Gabriel', 'F', '2031.00', 1),
(2100, '2013-04-16', 1, 'M02096', 'Fabre', 'Mélissa', 'F', '1910.00', 1);
INSERT INTO `employe` (`id`, `dateEmbauche`, `tempsPartiel`, `matricule`, `nom`, `prenom`, `sexe`, `salaire`, `entreprise_id`) VALUES
(2101, '2015-09-28', 0, 'T02097', 'Laurent', 'Axel', 'M', '1050.00', 1),
(2102, '2014-02-07', 0, 'T02098', 'Charles', 'Mathilde', 'M', '1641.00', 1),
(2103, '2015-10-17', 0, 'C02099', 'Francois', 'Gabriel', 'F', '2258.00', 1),
(2104, '2015-09-07', 1, 'M02100', 'Lacroix', 'Alice', 'F', '1694.00', 1),
(2105, '2015-09-04', 1, 'T02101', 'Louis', 'Evan', 'M', '1104.00', 1),
(2106, '2011-09-30', 1, 'T02102', 'Le gall', 'Zoe', 'F', '2004.00', 1),
(2107, '2014-07-12', 0, 'T02103', 'Menard', 'Evan', 'M', '1928.00', 1),
(2108, '2011-01-06', 1, 'T02104', 'Colin', 'Alicia', 'F', '2005.00', 1),
(2109, '2015-11-30', 0, 'M02105', 'Gautier', 'Hugo', 'M', '1650.00', 1),
(2110, '2013-03-17', 1, 'M02106', 'Baron', 'Zoe', 'M', '1365.00', 1),
(2111, '2015-03-30', 1, 'T02107', 'Vasseur', 'Emilie', 'F', '1262.00', 1),
(2112, '2013-04-27', 0, 'T02108', 'Rousseau', 'Baptiste', 'M', '2477.00', 1),
(2113, '2012-12-03', 1, 'T02109', 'Da silva', 'Jeanne', 'F', '2244.00', 1),
(2114, '2010-11-25', 0, 'T02110', 'Le gall', 'Alexis', 'F', '1226.00', 1),
(2115, '2013-04-25', 0, 'T02111', 'Fournier', 'Justine', 'F', '2353.00', 1),
(2116, '2014-07-02', 1, 'T02112', 'Aubert', 'Jeanne', 'F', '1407.00', 1),
(2117, '2010-05-01', 1, 'C02113', 'Girard', 'Léa', 'M', '2450.00', 1),
(2118, '2010-04-11', 0, 'C02114', 'Leroy', 'Jade', 'M', '1708.00', 1),
(2119, '2012-10-09', 1, 'T02115', 'Brunet', 'Sarah', 'F', '1967.00', 1),
(2120, '2012-10-30', 1, 'M02116', 'Paul', 'Lina', 'F', '2331.00', 1),
(2121, '2012-07-08', 1, 'T02117', 'Clement', 'Evan', 'F', '1197.00', 1),
(2122, '2014-02-26', 1, 'C02118', 'Roger', 'Adam', 'F', '1107.00', 1),
(2123, '2011-09-23', 0, 'T02119', 'Perrin', 'Axel', 'M', '1604.00', 1),
(2124, '2011-02-13', 1, 'T02120', 'Guillot', 'Alexis', 'F', '1625.00', 1),
(2125, '2013-02-20', 0, 'C02121', 'Blanchard', 'Lena', 'M', '2333.00', 1),
(2126, '2013-09-02', 0, 'T02122', 'Garnier', 'Jade', 'M', '2022.00', 1),
(2127, '2011-08-08', 0, 'T02123', 'Dupont', 'Maxence', 'F', '1793.00', 1),
(2128, '2012-11-11', 1, 'T02124', 'Laine', 'Louise', 'F', '1996.00', 1),
(2129, '2014-03-24', 1, 'T02125', 'Pierre', 'Ambre', 'F', '1447.00', 1),
(2130, '2010-05-30', 0, 'C02126', 'Clement', 'Océane', 'F', '1378.00', 1),
(2131, '2013-03-23', 1, 'M02127', 'Leclercq', 'Mathilde', 'F', '1765.00', 1),
(2132, '2011-04-14', 0, 'T02128', 'Maillard', 'Marie', 'M', '1079.00', 1),
(2133, '2013-02-05', 1, 'C02129', 'Perrin', 'Paul', 'M', '1600.00', 1),
(2134, '2012-04-06', 0, 'T02130', 'Rolland', 'Maxime', 'M', '1589.00', 1),
(2135, '2011-01-19', 1, 'M02131', 'Roche', 'Mathéo', 'F', '1262.00', 1),
(2136, '2011-05-01', 0, 'T02132', 'Da silva', 'Jade', 'F', '2139.00', 1),
(2137, '2011-12-31', 1, 'T02133', 'Gauthier', 'Clémence', 'F', '1677.00', 1),
(2138, '2012-02-14', 0, 'C02134', 'Remy', 'Louise', 'F', '2214.00', 1),
(2139, '2010-02-19', 0, 'T02135', 'Colin', 'Benjamin', 'M', '1810.00', 1),
(2140, '2015-10-04', 0, 'T02136', 'Bonnet', 'Valentin', 'F', '1051.00', 1),
(2141, '2013-11-28', 1, 'T02137', 'Dufour', 'Mattéo', 'F', '1079.00', 1),
(2142, '2011-11-13', 0, 'T02138', 'Charles', 'Nicolas', 'F', '2094.00', 1),
(2143, '2012-10-24', 0, 'T02139', 'Henry', 'Mattéo', 'M', '2459.00', 1),
(2144, '2013-08-30', 0, 'T02140', 'Berger', 'Axel', 'F', '2393.00', 1),
(2145, '2013-02-15', 1, 'T02141', 'Denis', 'Ambre', 'M', '2476.00', 1),
(2146, '2012-10-21', 0, 'T02142', 'Lecomte', 'Jeanne', 'F', '1271.00', 1),
(2147, '2010-04-25', 1, 'T02143', 'Lefevre', 'Quentin', 'F', '1117.00', 1),
(2148, '2011-09-25', 0, 'T02144', 'Garnier', 'Adrien', 'M', '1552.00', 1),
(2149, '2015-05-18', 1, 'T02145', 'Denis', 'Adrien', 'F', '1627.00', 1),
(2150, '2010-04-05', 1, 'T02146', 'Duval', 'Anaïs', 'F', '2131.00', 1),
(2151, '2014-11-05', 0, 'M02147', 'Renard', 'Axel', 'M', '1197.00', 1),
(2152, '2011-09-30', 1, 'T02148', 'Cousin', 'Lucie', 'M', '2203.00', 1),
(2153, '2015-02-09', 1, 'M02149', 'Poirier', 'Clémence', 'F', '2390.00', 1),
(2154, '2012-12-08', 1, 'C02150', 'Perez', 'Yanis', 'F', '1971.00', 1),
(2155, '2011-10-15', 0, 'M02151', 'Roussel', 'Chloé', 'M', '1792.00', 1),
(2156, '2012-02-28', 0, 'T02152', 'Benoit', 'Lina', 'F', '1144.00', 1),
(2157, '2011-04-23', 0, 'M02153', 'Le roux', 'Mélissa', 'F', '2291.00', 1),
(2158, '2014-06-14', 0, 'T02154', 'Rousseau', 'Arthur', 'F', '1752.00', 1),
(2159, '2010-02-01', 1, 'T02155', 'Lacroix', 'Alicia', 'M', '1248.00', 1),
(2160, '2015-12-13', 0, 'T02156', 'Fleury', 'Maxence', 'M', '1688.00', 1),
(2161, '2011-01-05', 1, 'T02157', 'Lecomte', 'Laura', 'F', '1081.00', 1),
(2162, '2012-05-28', 1, 'T02158', 'Martin', 'Noah', 'F', '2019.00', 1),
(2163, '2014-07-16', 1, 'C02159', 'Jean', 'Alexandre', 'F', '2220.00', 1),
(2164, '2013-06-03', 0, 'T02160', 'Bertrand', 'Jade', 'F', '1467.00', 1),
(2165, '2015-10-03', 1, 'T02161', 'Garnier', 'Maxime', 'F', '2302.00', 1),
(2166, '2010-03-31', 0, 'M02162', 'Lemoine', 'Noémie', 'F', '1702.00', 1),
(2167, '2015-11-28', 0, 'T02163', 'Blanc', 'Mélissa', 'F', '1788.00', 1),
(2168, '2013-08-07', 1, 'T02164', 'Perrin', 'Evan', 'M', '1239.00', 1),
(2169, '2015-06-27', 1, 'T02165', 'Berger', 'Jules', 'M', '1191.00', 1),
(2170, '2010-12-04', 1, 'C02166', 'Schmitt', 'Noah', 'F', '2268.00', 1),
(2171, '2015-11-23', 0, 'C02167', 'Rey', 'Ines', 'M', '1226.00', 1),
(2172, '2012-02-07', 0, 'T02168', 'Collet', 'Pierre', 'F', '1083.00', 1),
(2173, '2015-12-13', 0, 'C02169', 'Leclercq', 'Manon', 'M', '1135.00', 1),
(2174, '2014-03-04', 1, 'T02170', 'Laurent', 'Arthur', 'M', '2406.00', 1),
(2175, '2012-06-10', 0, 'M02171', 'Pons', 'Lilou', 'F', '1516.00', 1),
(2176, '2011-08-06', 1, 'M02172', 'Dupuis', 'Maxence', 'F', '1308.00', 1),
(2177, '2013-11-29', 1, 'M02173', 'Gerard', 'Kylian', 'F', '2304.00', 1),
(2178, '2010-06-03', 0, 'C02174', 'Leclercq', 'Enzo', 'M', '1027.00', 1),
(2179, '2011-06-16', 1, 'M02175', 'Giraud', 'Rayan', 'F', '1443.00', 1),
(2180, '2012-08-26', 0, 'C02176', 'Simon', 'Paul', 'M', '1092.00', 1),
(2181, '2010-01-15', 1, 'M02177', 'Marty', 'Alicia', 'F', '2351.00', 1),
(2182, '2013-02-11', 1, 'T02178', 'Moulin', 'Lou', 'M', '1133.00', 1),
(2183, '2014-11-11', 1, 'T02179', 'Rodriguez', 'Romain', 'M', '1530.00', 1),
(2184, '2010-10-14', 1, 'T02180', 'Bertrand', 'Victor', 'F', '1804.00', 1),
(2185, '2013-06-06', 0, 'M02181', 'Jean', 'Mathis', 'F', '2200.00', 1),
(2186, '2013-11-19', 1, 'T02182', 'Schmitt', 'Justine', 'F', '1498.00', 1),
(2187, '2012-08-31', 0, 'T02183', 'Roger', 'Julien', 'M', '1711.00', 1),
(2188, '2010-05-21', 0, 'T02184', 'Masson', 'Jeanne', 'M', '2325.00', 1),
(2189, '2011-11-25', 1, 'T02185', 'Berger', 'Célia', 'M', '1145.00', 1),
(2190, '2013-11-21', 1, 'T02186', 'Rey', 'Alexandre', 'M', '1073.00', 1),
(2191, '2014-05-19', 0, 'T02187', 'Renaud', 'Anaïs', 'M', '2203.00', 1),
(2192, '2011-10-26', 0, 'T02188', 'Masson', 'Maëlys', 'M', '1996.00', 1),
(2193, '2013-02-26', 1, 'T02189', 'Chevalier', 'Lola', 'F', '1828.00', 1),
(2194, '2010-05-15', 0, 'T02190', 'Dupuy', 'Baptiste', 'F', '2456.00', 1),
(2195, '2013-04-14', 0, 'T02191', 'Lopez', 'Lucas', 'M', '2137.00', 1),
(2196, '2013-07-15', 1, 'M02192', 'Marchal', 'Juliette', 'M', '1261.00', 1),
(2197, '2015-08-13', 1, 'T02193', 'Roussel', 'Jeanne', 'M', '1932.00', 1),
(2198, '2015-05-09', 1, 'M02194', 'Henry', 'Mattéo', 'F', '1126.00', 1),
(2199, '2014-12-26', 1, 'T02195', 'Moulin', 'Pauline', 'M', '1777.00', 1),
(2200, '2011-04-26', 1, 'T02196', 'Fleury', 'Eva', 'F', '1893.00', 1),
(2201, '2015-09-21', 0, 'T02197', 'Roussel', 'Kylian', 'M', '2352.00', 1),
(2202, '2014-01-27', 0, 'C02198', 'Dumas', 'Quentin', 'M', '1154.00', 1),
(2203, '2012-08-29', 0, 'C02199', 'Michel', 'Anaïs', 'M', '1535.00', 1),
(2204, '2013-09-23', 1, 'M02200', 'Charles', 'Noa', 'F', '1391.00', 1),
(2205, '2012-05-18', 0, 'T02201', 'Barbier', 'Emilie', 'M', '2447.00', 1),
(2206, '2013-04-02', 1, 'T02202', 'Lopez', 'Mélissa', 'F', '1479.00', 1),
(2207, '2013-01-14', 0, 'T02203', 'Colin', 'Nathan', 'M', '2227.00', 1),
(2208, '2012-08-23', 0, 'T02204', 'Faure', 'Mael', 'M', '2200.00', 1),
(2209, '2013-11-09', 0, 'C02205', 'Lecomte', 'Quentin', 'F', '1881.00', 1),
(2210, '2011-09-13', 0, 'M02206', 'Remy', 'Lucas', 'M', '1520.00', 1),
(2211, '2014-01-07', 1, 'T02207', 'Poirier', 'Océane', 'M', '2315.00', 1),
(2212, '2012-10-21', 1, 'M02208', 'Baron', 'Noah', 'M', '1623.00', 1),
(2213, '2012-08-24', 0, 'T02209', 'Fernandez', 'Mathilde', 'F', '1187.00', 1),
(2214, '2011-08-21', 1, 'T02210', 'Lefevre', 'Louna', 'F', '1654.00', 1),
(2215, '2013-01-30', 1, 'T02211', 'Michel', 'Océane', 'M', '2435.00', 1),
(2216, '2015-06-06', 0, 'T02212', 'Barre', 'Alexandre', 'F', '2009.00', 1),
(2217, '2011-01-15', 0, 'T02213', 'Moulin', 'Mathilde', 'F', '1582.00', 1),
(2218, '2014-03-06', 0, 'T02214', 'Lucas', 'Adam', 'M', '1942.00', 1),
(2219, '2015-08-17', 1, 'C02215', 'Charpentier', 'Maëlys', 'M', '1347.00', 1),
(2220, '2013-12-15', 0, 'T02216', 'Dupuy', 'Mathis', 'M', '1303.00', 1),
(2221, '2015-05-26', 1, 'M02217', 'Renard', 'Lilou', 'F', '1425.00', 1),
(2222, '2011-02-23', 1, 'T02218', 'Joly', 'Adam', 'F', '1422.00', 1),
(2223, '2015-02-24', 1, 'M02219', 'Morin', 'Louise', 'F', '2416.00', 1),
(2224, '2014-12-05', 0, 'T02220', 'Gautier', 'Louna', 'M', '2256.00', 1),
(2225, '2011-11-01', 0, 'T02221', 'Marie', 'Emilie', 'M', '1467.00', 1),
(2226, '2010-03-19', 1, 'T02222', 'Dubois', 'Julien', 'F', '2310.00', 1),
(2227, '2011-04-13', 1, 'M02223', 'Dupont', 'Mael', 'F', '1990.00', 1),
(2228, '2013-08-31', 1, 'M02224', 'Denis', 'Jules', 'M', '2005.00', 1),
(2229, '2010-11-21', 0, 'T02225', 'Simon', 'Noah', 'M', '1121.00', 1),
(2230, '2011-09-28', 0, 'T02226', 'Nguyen', 'Mélissa', 'M', '1758.00', 1),
(2231, '2015-09-20', 0, 'T02227', 'Schneider', 'Noah', 'M', '1941.00', 1),
(2232, '2011-03-22', 0, 'M02228', 'Laurent', 'Anaïs', 'M', '1647.00', 1),
(2233, '2015-11-03', 0, 'T02229', 'Lopez', 'Océane', 'F', '2404.00', 1),
(2234, '2012-07-23', 1, 'T02230', 'Marie', 'Marie', 'M', '1764.00', 1),
(2235, '2015-12-13', 1, 'T02231', 'Da silva', 'Raphaël', 'F', '1292.00', 1),
(2236, '2013-06-29', 0, 'T02232', 'Renaud', 'Lola', 'M', '2461.00', 1),
(2237, '2010-07-04', 1, 'M02233', 'Olivier', 'Lou', 'M', '1176.00', 1),
(2238, '2011-05-28', 0, 'C02234', 'Duval', 'Quentin', 'F', '1167.00', 1),
(2239, '2015-10-17', 0, 'M02235', 'Robert', 'Jeanne', 'F', '1250.00', 1),
(2240, '2010-12-21', 0, 'T02236', 'Barre', 'Maxence', 'M', '1143.00', 1),
(2241, '2012-01-19', 0, 'T02237', 'Meyer', 'Alexis', 'F', '1946.00', 1),
(2242, '2012-04-27', 0, 'M02238', 'Gauthier', 'Alice', 'M', '1659.00', 1),
(2243, '2012-12-02', 1, 'M02239', 'Simon', 'Yanis', 'F', '1116.00', 1),
(2244, '2012-03-01', 0, 'T02240', 'Julien', 'Raphaël', 'M', '1510.00', 1),
(2245, '2010-06-02', 1, 'T02241', 'Prevost', 'Sarah', 'F', '1220.00', 1),
(2246, '2010-08-05', 1, 'T02242', 'Lecomte', 'Alice', 'M', '1148.00', 1),
(2247, '2010-08-13', 0, 'T02243', 'Petit', 'Lilou', 'F', '1475.00', 1),
(2248, '2014-01-04', 0, 'T02244', 'Guillaume', 'Louis', 'F', '2329.00', 1),
(2249, '2012-05-31', 1, 'T02245', 'Gautier', 'Noémie', 'F', '2184.00', 1),
(2250, '2010-09-27', 1, 'T02246', 'Moulin', 'Charlotte', 'F', '1779.00', 1),
(2251, '2012-09-03', 0, 'T02247', 'Carre', 'Tom', 'F', '1483.00', 1),
(2252, '2014-03-24', 0, 'M02248', 'Schneider', 'Noémie', 'F', '2440.00', 1),
(2253, '2013-04-21', 1, 'T02249', 'Garnier', 'Ambre', 'M', '2456.00', 1),
(2254, '2014-04-02', 1, 'T02250', 'Perrin', 'Manon', 'M', '1228.00', 1),
(2255, '2012-03-12', 1, 'M02251', 'Leclercq', 'Maëlle', 'M', '1485.00', 1),
(2256, '2010-10-11', 1, 'M02252', 'Mercier', 'Adam', 'M', '1808.00', 1),
(2257, '2010-01-11', 1, 'T02253', 'Michel', 'Sarah', 'M', '1774.00', 1),
(2258, '2011-07-27', 0, 'C02254', 'Noel', 'Alice', 'F', '1568.00', 1),
(2259, '2015-08-08', 1, 'M02255', 'Barre', 'Lola', 'F', '1256.00', 1),
(2260, '2014-09-29', 1, 'T02256', 'Guyot', 'Maëlys', 'F', '1946.00', 1),
(2261, '2011-12-03', 0, 'C02257', 'Fournier', 'Mathilde', 'M', '1711.00', 1),
(2262, '2010-12-08', 1, 'T02258', 'Rousseau', 'Sarah', 'F', '1096.00', 1),
(2263, '2015-06-13', 0, 'T02259', 'Henry', 'Maxime', 'M', '1506.00', 1),
(2264, '2010-12-06', 0, 'M02260', 'Rolland', 'Nathan', 'M', '1714.00', 1),
(2265, '2015-07-24', 1, 'T02261', 'Prevost', 'Noa', 'F', '1895.00', 1),
(2266, '2014-08-03', 1, 'C02262', 'Charpentier', 'Théo', 'F', '1376.00', 1),
(2267, '2013-08-05', 0, 'T02263', 'Dumas', 'Lilou', 'F', '2445.00', 1),
(2268, '2015-08-02', 1, 'M02264', 'Michel', 'Maxime', 'M', '2435.00', 1),
(2269, '2015-11-21', 0, 'M02265', 'Robert', 'Paul', 'F', '1646.00', 1),
(2270, '2012-02-22', 1, 'C02266', 'Aubert', 'Alexis', 'F', '1334.00', 1),
(2271, '2011-09-04', 0, 'T02267', 'Dupont', 'Baptiste', 'F', '1475.00', 1),
(2272, '2013-04-04', 1, 'T02268', 'Lambert', 'Yanis', 'F', '1057.00', 1),
(2273, '2013-11-14', 1, 'C02269', 'Masson', 'Hugo', 'M', '1710.00', 1),
(2274, '2011-03-15', 1, 'T02270', 'Fernandez', 'Louna', 'F', '1138.00', 1),
(2275, '2011-12-28', 0, 'T02271', 'Muller', 'Lucas', 'M', '2140.00', 1),
(2276, '2015-12-28', 1, 'T02272', 'Roche', 'Sacha', 'M', '1064.00', 1),
(2277, '2012-05-01', 0, 'M02273', 'Maillard', 'Benjamin', 'F', '1788.00', 1),
(2278, '2012-06-19', 0, 'T02274', 'Barbier', 'Jeanne', 'M', '2217.00', 1),
(2279, '2014-04-12', 0, 'T02275', 'Lucas', 'Marie', 'F', '2369.00', 1),
(2280, '2014-11-26', 1, 'T02276', 'Marchal', 'Anaïs', 'M', '1742.00', 1),
(2281, '2013-07-14', 0, 'C02277', 'Nguyen', 'Quentin', 'F', '2282.00', 1),
(2282, '2013-09-02', 0, 'C02278', 'Aubert', 'Thomas', 'M', '2084.00', 1),
(2283, '2011-08-16', 0, 'T02279', 'Bourgeois', 'Lisa', 'M', '1606.00', 1),
(2284, '2010-02-07', 0, 'T02280', 'Perrot', 'Mathilde', 'M', '1017.00', 1),
(2285, '2015-11-29', 1, 'T02281', 'Prevost', 'Antoine', 'M', '1631.00', 1),
(2286, '2014-08-18', 0, 'T02282', 'Deschamps', 'Mael', 'M', '1186.00', 1),
(2287, '2015-02-26', 0, 'C02283', 'Paris', 'Thomas', 'F', '2447.00', 1),
(2288, '2013-05-13', 0, 'T02284', 'Durand', 'Jade', 'F', '1131.00', 1),
(2289, '2012-05-30', 0, 'T02285', 'Rey', 'Célia', 'M', '1605.00', 1),
(2290, '2012-03-23', 1, 'M02286', 'Guerin', 'Juliette', 'F', '2183.00', 1),
(2291, '2011-06-09', 0, 'C02287', 'Lefebvre', 'Léa', 'F', '1363.00', 1),
(2292, '2012-12-31', 1, 'T02288', 'Sanchez', 'Benjamin', 'F', '1270.00', 1),
(2293, '2015-01-01', 1, 'C02289', 'Simon', 'Raphaël', 'M', '1626.00', 1),
(2294, '2015-08-20', 1, 'C02290', 'Barbier', 'Noa', 'F', '1782.00', 1),
(2295, '2014-03-24', 1, 'T02291', 'Berger', 'Evan', 'M', '1471.00', 1),
(2296, '2015-07-12', 0, 'M02292', 'Renault', 'Nicolas', 'F', '1094.00', 1),
(2297, '2010-07-07', 1, 'T02293', 'Paris', 'Baptiste', 'M', '2432.00', 1),
(2298, '2010-04-16', 0, 'M02294', 'Fabre', 'Victor', 'F', '1890.00', 1),
(2299, '2012-08-30', 1, 'T02295', 'Marie', 'Victor', 'F', '1204.00', 1),
(2300, '2013-02-13', 0, 'T02296', 'Meyer', 'Alice', 'M', '1198.00', 1),
(2301, '2015-01-17', 0, 'T02297', 'Fabre', 'Julien', 'F', '2244.00', 1),
(2302, '2014-05-17', 1, 'T02298', 'Garnier', 'Baptiste', 'F', '1313.00', 1),
(2303, '2011-07-23', 1, 'C02299', 'Noel', 'Zoe', 'M', '1842.00', 1),
(2304, '2012-08-01', 1, 'T02300', 'Schmitt', 'Clara', 'F', '1733.00', 1),
(2305, '2015-06-28', 0, 'T02301', 'Gautier', 'Célia', 'M', '1460.00', 1),
(2306, '2013-09-16', 1, 'T02302', 'Boyer', 'Léa', 'M', '2029.00', 1),
(2307, '2013-01-19', 1, 'T02303', 'Guillot', 'Thomas', 'M', '1284.00', 1),
(2308, '2013-04-20', 1, 'C02304', 'Mathieu', 'Lena', 'F', '1044.00', 1),
(2309, '2010-06-23', 1, 'M02305', 'Renault', 'Paul', 'F', '1857.00', 1),
(2310, '2015-05-14', 0, 'T02306', 'Lefebvre', 'Chloé', 'F', '1986.00', 1),
(2311, '2011-03-07', 0, 'C02307', 'Petit', 'Gabriel', 'M', '1298.00', 1),
(2312, '2015-01-11', 0, 'T02308', 'Nicolas', 'Alice', 'F', '1883.00', 1),
(2313, '2012-02-14', 1, 'C02309', 'Nguyen', 'Ethan', 'F', '2490.00', 1),
(2314, '2014-11-24', 1, 'C02310', 'Aubry', 'Eva', 'F', '1587.00', 1),
(2315, '2014-02-03', 0, 'C02311', 'Meunier', 'Romane', 'F', '1927.00', 1),
(2316, '2013-01-24', 1, 'C02312', 'Philippe', 'Louise', 'F', '1386.00', 1),
(2317, '2010-07-01', 1, 'T02313', 'Renaud', 'Nicolas', 'M', '2353.00', 1),
(2318, '2014-06-11', 0, 'T02314', 'Rey', 'Clémence', 'F', '1049.00', 1),
(2319, '2012-02-09', 0, 'M02315', 'Breton', 'Louise', 'F', '1780.00', 1),
(2320, '2013-04-22', 0, 'M02316', 'Mercier', 'Jade', 'F', '1887.00', 1),
(2321, '2013-12-04', 0, 'M02317', 'Noel', 'Maxence', 'F', '2245.00', 1),
(2322, '2011-03-06', 0, 'T02318', 'Leroux', 'Ethan', 'M', '1180.00', 1),
(2323, '2015-03-11', 1, 'T02319', 'Richard', 'Pauline', 'F', '2264.00', 1),
(2324, '2011-12-02', 0, 'T02320', 'Robin', 'Lucie', 'F', '1081.00', 1),
(2325, '2012-03-03', 1, 'T02321', 'Petit', 'Lina', 'M', '1847.00', 1),
(2326, '2012-01-19', 0, 'T02322', 'Laurent', 'Ethan', 'M', '1689.00', 1),
(2327, '2010-11-22', 1, 'T02323', 'Noel', 'Anaïs', 'M', '1903.00', 1),
(2328, '2014-05-29', 1, 'T02324', 'Chevalier', 'Mohamed', 'M', '1601.00', 1),
(2329, '2015-02-25', 1, 'C02325', 'Pierre', 'Pauline', 'F', '1255.00', 1),
(2330, '2014-03-15', 1, 'T02326', 'Maillard', 'Romane', 'M', '1493.00', 1),
(2331, '2010-07-03', 1, 'M02327', 'Royer', 'Lina', 'F', '1367.00', 1),
(2332, '2015-09-17', 1, 'T02328', 'Henry', 'Mélissa', 'F', '1451.00', 1),
(2333, '2010-01-25', 0, 'M02329', 'Joly', 'Mathis', 'F', '1327.00', 1),
(2334, '2015-03-18', 1, 'C02330', 'David', 'Julie', 'F', '1956.00', 1),
(2335, '2012-02-04', 0, 'T02331', 'Durand', 'Raphaël', 'M', '1196.00', 1),
(2336, '2014-06-17', 0, 'T02332', 'Aubry', 'Théo', 'M', '1261.00', 1),
(2337, '2012-06-25', 1, 'T02333', 'Blanc', 'Quentin', 'F', '1031.00', 1),
(2338, '2015-10-14', 1, 'T02334', 'Garnier', 'Justine', 'F', '1264.00', 1),
(2339, '2011-11-19', 0, 'T02335', 'Adam', 'Juliette', 'F', '2078.00', 1),
(2340, '2014-06-05', 1, 'C02336', 'Andre', 'Lucas', 'M', '1298.00', 1),
(2341, '2010-12-26', 1, 'T02337', 'Garcia', 'Alice', 'F', '1543.00', 1),
(2342, '2014-01-12', 0, 'T02338', 'Petit', 'Maxime', 'M', '1469.00', 1),
(2343, '2012-05-02', 0, 'T02339', 'Lemoine', 'Benjamin', 'F', '2403.00', 1),
(2344, '2012-09-09', 1, 'T02340', 'Collet', 'Mathilde', 'F', '2344.00', 1),
(2345, '2015-04-19', 1, 'T02341', 'Roy', 'Emilie', 'F', '2044.00', 1),
(2346, '2014-02-09', 0, 'T02342', 'Vidal', 'Marie', 'F', '1051.00', 1),
(2347, '2015-09-02', 0, 'T02343', 'Lefevre', 'Jeanne', 'M', '1791.00', 1),
(2348, '2013-11-29', 0, 'T02344', 'Dufour', 'Clara', 'F', '1847.00', 1),
(2349, '2014-11-14', 1, 'T02345', 'Brunet', 'Lucie', 'M', '2396.00', 1),
(2350, '2010-05-31', 1, 'M02346', 'Simon', 'Quentin', 'F', '1461.00', 1),
(2351, '2013-05-29', 0, 'C02347', 'Hubert', 'Léa', 'F', '2265.00', 1),
(2352, '2011-12-24', 0, 'M02348', 'Guerin', 'Louise', 'M', '1180.00', 1),
(2353, '2012-12-25', 1, 'T02349', 'Lecomte', 'Hugo', 'F', '2216.00', 1),
(2354, '2012-10-20', 0, 'M02350', 'Le roux', 'Evan', 'F', '1481.00', 1),
(2355, '2014-07-06', 0, 'C02351', 'Marchal', 'Enzo', 'F', '1784.00', 1),
(2356, '2013-09-05', 0, 'T02352', 'Denis', 'Lucas', 'M', '2497.00', 1),
(2357, '2010-04-26', 1, 'T02353', 'Dupuy', 'Mathéo', 'F', '1933.00', 1),
(2358, '2010-07-11', 1, 'C02354', 'Rodriguez', 'Julien', 'F', '2497.00', 1),
(2359, '2012-11-14', 1, 'M02355', 'Laine', 'Enzo', 'M', '1288.00', 1),
(2360, '2012-03-11', 0, 'M02356', 'Renard', 'Evan', 'M', '2162.00', 1),
(2361, '2012-07-08', 1, 'T02357', 'Cousin', 'Valentin', 'F', '2182.00', 1),
(2362, '2011-11-04', 1, 'T02358', 'Petit', 'Mohamed', 'F', '2230.00', 1),
(2363, '2015-06-17', 0, 'T02359', 'Gerard', 'Quentin', 'M', '2216.00', 1),
(2364, '2011-02-09', 0, 'C02360', 'Roy', 'Marie', 'F', '1107.00', 1),
(2365, '2015-10-16', 0, 'T02361', 'Blanchard', 'Lisa', 'F', '1510.00', 1),
(2366, '2015-06-15', 1, 'M02362', 'Lopez', 'Baptiste', 'F', '1768.00', 1),
(2367, '2015-09-02', 0, 'T02363', 'Boyer', 'Maxence', 'F', '1156.00', 1),
(2368, '2015-11-17', 1, 'T02364', 'Duval', 'Romain', 'F', '1415.00', 1),
(2369, '2014-12-17', 0, 'T02365', 'Guillaume', 'Alice', 'M', '1735.00', 1),
(2370, '2012-02-11', 0, 'T02366', 'Fleury', 'Mathis', 'F', '1205.00', 1),
(2371, '2012-12-03', 0, 'T02367', 'Masson', 'Juliette', 'M', '1797.00', 1),
(2372, '2011-12-31', 0, 'T02368', 'Morel', 'Elisa', 'F', '1375.00', 1),
(2373, '2014-11-12', 0, 'T02369', 'Lopez', 'Alicia', 'F', '2100.00', 1),
(2374, '2011-01-01', 0, 'T02370', 'Gaillard', 'Paul', 'M', '2181.00', 1),
(2375, '2012-08-13', 0, 'C02371', 'Le roux', 'Maeva', 'F', '2222.00', 1),
(2376, '2013-06-21', 0, 'T02372', 'Dubois', 'Maxime', 'M', '2316.00', 1),
(2377, '2015-03-07', 1, 'C02373', 'Faure', 'Louis', 'F', '2310.00', 1),
(2378, '2012-01-12', 0, 'T02374', 'Duval', 'Océane', 'F', '2243.00', 1),
(2379, '2013-08-24', 0, 'T02375', 'Bourgeois', 'Maëlys', 'F', '2320.00', 1),
(2380, '2012-11-22', 0, 'C02376', 'Leroy', 'Mael', 'M', '1210.00', 1),
(2381, '2010-04-30', 1, 'T02377', 'Mathieu', 'Marie', 'F', '2263.00', 1),
(2382, '2013-01-07', 1, 'C02378', 'Lefebvre', 'Mélissa', 'M', '1809.00', 1),
(2383, '2013-01-01', 0, 'T02379', 'Chevalier', 'Maëlle', 'M', '1778.00', 1),
(2384, '2010-10-26', 0, 'T02380', 'Michel', 'Lilou', 'M', '2470.00', 1),
(2385, '2014-12-09', 0, 'T02381', 'Le roux', 'Maëlle', 'F', '1849.00', 1),
(2386, '2013-02-26', 1, 'T02382', 'Boyer', 'Ethan', 'F', '1221.00', 1),
(2387, '2010-09-15', 1, 'T02383', 'Rey', 'Mathilde', 'F', '1171.00', 1),
(2388, '2014-05-01', 0, 'T02384', 'Denis', 'Valentin', 'F', '1655.00', 1),
(2389, '2012-03-10', 1, 'T02385', 'Rousseau', 'Tom', 'M', '2200.00', 1),
(2390, '2014-08-16', 1, 'T02386', 'Henry', 'Thomas', 'M', '2253.00', 1),
(2391, '2015-05-23', 0, 'T02387', 'Jacquet', 'Chloé', 'F', '1761.00', 1),
(2392, '2012-03-29', 1, 'C02388', 'Sanchez', 'Lola', 'M', '1637.00', 1),
(2393, '2013-03-25', 0, 'M02389', 'Leroy', 'Charlotte', 'F', '1268.00', 1),
(2394, '2013-08-02', 0, 'C02390', 'Da silva', 'Paul', 'F', '1612.00', 1),
(2395, '2010-10-04', 0, 'M02391', 'Brun', 'Adrien', 'M', '2329.00', 1),
(2396, '2012-09-25', 0, 'T02392', 'Deschamps', 'Julien', 'F', '1519.00', 1),
(2397, '2013-12-30', 0, 'T02393', 'Gaillard', 'Juliette', 'F', '2193.00', 1),
(2398, '2012-03-19', 0, 'T02394', 'Bourgeois', 'Sacha', 'F', '2492.00', 1),
(2399, '2013-07-27', 0, 'C02395', 'Lefevre', 'Théo', 'F', '1356.00', 1),
(2400, '2015-11-25', 1, 'M02396', 'Mercier', 'Benjamin', 'F', '1565.00', 1),
(2401, '2013-05-09', 0, 'C02397', 'Fournier', 'Anaïs', 'F', '2042.00', 1),
(2402, '2012-01-17', 1, 'T02398', 'Rousseau', 'Jeanne', 'M', '1796.00', 1),
(2403, '2015-08-29', 1, 'T02399', 'Rolland', 'Valentin', 'F', '1478.00', 1),
(2404, '2011-02-01', 1, 'T02400', 'Chevalier', 'Raphaël', 'M', '1259.00', 1),
(2405, '2013-09-27', 1, 'T02401', 'Poirier', 'Elisa', 'M', '1064.00', 1),
(2406, '2011-04-23', 0, 'T02402', 'Colin', 'Célia', 'F', '1204.00', 1),
(2407, '2011-01-23', 1, 'T02403', 'Fernandez', 'Eva', 'M', '1477.00', 1),
(2408, '2015-07-26', 0, 'T02404', 'Leroux', 'Zoe', 'F', '1020.00', 1),
(2409, '2012-04-22', 1, 'C02405', 'Guyot', 'Lilou', 'M', '1217.00', 1),
(2410, '2011-12-05', 0, 'T02406', 'Brunet', 'Léo', 'F', '2238.00', 1),
(2411, '2012-12-12', 1, 'T02407', 'Royer', 'Raphaël', 'F', '1128.00', 1),
(2412, '2015-10-13', 0, 'T02408', 'Bonnet', 'Eva', 'F', '2157.00', 1),
(2413, '2011-04-25', 1, 'T02409', 'Carre', 'Camille', 'F', '1221.00', 1),
(2414, '2012-09-19', 1, 'T02410', 'Lefevre', 'Pierre', 'F', '2313.00', 1),
(2415, '2013-06-15', 0, 'T02411', 'Perez', 'Charlotte', 'F', '1493.00', 1),
(2416, '2011-08-30', 0, 'T02412', 'Hubert', 'Lena', 'M', '1866.00', 1),
(2417, '2012-05-20', 1, 'T02413', 'Moulin', 'Axel', 'M', '1413.00', 1),
(2418, '2010-05-22', 0, 'T02414', 'Lecomte', 'Mattéo', 'F', '2002.00', 1),
(2419, '2012-07-28', 1, 'T02415', 'Guyot', 'Ambre', 'F', '2125.00', 1),
(2420, '2013-04-07', 1, 'C02416', 'Francois', 'Mohamed', 'M', '1150.00', 1),
(2421, '2012-11-21', 0, 'T02417', 'Charpentier', 'Alexandre', 'F', '1297.00', 1),
(2422, '2012-09-26', 1, 'C02418', 'Gonzalez', 'Laura', 'F', '1360.00', 1),
(2423, '2014-03-08', 0, 'T02419', 'Pierre', 'Maxime', 'M', '1867.00', 1),
(2424, '2010-07-26', 0, 'T02420', 'Noel', 'Noémie', 'F', '1864.00', 1),
(2425, '2014-09-07', 1, 'M02421', 'Vasseur', 'Noémie', 'F', '2040.00', 1),
(2426, '2014-01-30', 1, 'C02422', 'Menard', 'Carla', 'F', '1416.00', 1),
(2427, '2014-08-31', 0, 'M02423', 'Gerard', 'Mathilde', 'F', '1557.00', 1),
(2428, '2012-01-01', 1, 'T02424', 'Barre', 'Justine', 'F', '1747.00', 1),
(2429, '2013-06-14', 0, 'T02425', 'Rousseau', 'Sacha', 'F', '1907.00', 1),
(2430, '2010-04-27', 1, 'T02426', 'Paris', 'Noah', 'F', '1518.00', 1),
(2431, '2011-07-22', 1, 'T02427', 'Renaud', 'Carla', 'F', '1326.00', 1),
(2432, '2010-05-06', 1, 'T02428', 'Guillot', 'Thomas', 'F', '1330.00', 1),
(2433, '2012-08-23', 1, 'M02429', 'Royer', 'Ambre', 'F', '1551.00', 1),
(2434, '2015-03-09', 0, 'M02430', 'Prevost', 'Nathan', 'M', '1218.00', 1),
(2435, '2011-04-08', 1, 'T02431', 'Marty', 'Maëlys', 'M', '1225.00', 1),
(2436, '2014-01-05', 1, 'C02432', 'Marty', 'Romain', 'F', '1938.00', 1),
(2437, '2013-08-31', 1, 'M02433', 'Rolland', 'Maëlle', 'F', '2336.00', 1),
(2438, '2010-04-03', 1, 'M02434', 'Simon', 'Mattéo', 'F', '1080.00', 1),
(2439, '2011-01-15', 1, 'T02435', 'Legrand', 'Léa', 'F', '2107.00', 1),
(2440, '2014-02-27', 0, 'T02436', 'Roger', 'Pierre', 'F', '2029.00', 1),
(2441, '2014-01-19', 1, 'M02437', 'Roche', 'Lena', 'M', '1271.00', 1),
(2442, '2012-10-19', 1, 'C02438', 'Clement', 'Théo', 'M', '1666.00', 1),
(2443, '2015-07-22', 1, 'T02439', 'Roy', 'Juliette', 'F', '2492.00', 1),
(2444, '2010-06-24', 0, 'M02440', 'Paul', 'Lou', 'M', '1694.00', 1),
(2445, '2010-10-30', 0, 'T02441', 'Lefebvre', 'Yanis', 'M', '2391.00', 1),
(2446, '2014-02-14', 0, 'C02442', 'Gauthier', 'Anaïs', 'M', '1960.00', 1),
(2447, '2014-11-26', 1, 'C02443', 'Fernandez', 'Théo', 'M', '1922.00', 1),
(2448, '2012-12-19', 0, 'T02444', 'Philippe', 'Antoine', 'M', '1454.00', 1),
(2449, '2012-08-02', 1, 'T02445', 'Chevalier', 'Juliette', 'F', '1887.00', 1),
(2450, '2014-04-20', 1, 'T02446', 'Clement', 'Tom', 'F', '2321.00', 1),
(2451, '2011-02-04', 1, 'C02447', 'Durand', 'Clémence', 'F', '1728.00', 1),
(2452, '2012-10-27', 1, 'T02448', 'Lemoine', 'Ambre', 'F', '2027.00', 1),
(2453, '2010-03-21', 0, 'T02449', 'Vincent', 'Mathéo', 'M', '1511.00', 1),
(2454, '2011-05-27', 0, 'T02450', 'Morin', 'Nathan', 'M', '1705.00', 1),
(2455, '2013-04-15', 0, 'M02451', 'Guerin', 'Carla', 'M', '2226.00', 1),
(2456, '2010-06-18', 0, 'T02452', 'Roche', 'Noémie', 'F', '2237.00', 1),
(2457, '2014-10-02', 0, 'T02453', 'Morin', 'Yanis', 'M', '1674.00', 1),
(2458, '2015-04-29', 0, 'T02454', 'Arnaud', 'Quentin', 'M', '2488.00', 1),
(2459, '2013-06-02', 0, 'T02455', 'Nguyen', 'Valentin', 'F', '1957.00', 1),
(2460, '2011-03-17', 1, 'T02456', 'Vincent', 'Thomas', 'F', '1951.00', 1),
(2461, '2011-04-21', 0, 'T02457', 'Nguyen', 'Tom', 'M', '2385.00', 1),
(2462, '2014-04-24', 0, 'T02458', 'Faure', 'Louis', 'F', '1646.00', 1),
(2463, '2015-05-05', 1, 'C02459', 'Meunier', 'Julie', 'F', '1448.00', 1),
(2464, '2012-11-01', 1, 'M02460', 'Le gall', 'Elisa', 'F', '2319.00', 1),
(2465, '2011-10-08', 0, 'C02461', 'Perrin', 'Quentin', 'M', '1971.00', 1),
(2466, '2011-05-07', 0, 'T02462', 'Marie', 'Yanis', 'F', '1452.00', 1),
(2467, '2010-09-16', 0, 'T02463', 'Carre', 'Mélissa', 'M', '2134.00', 1),
(2468, '2011-12-09', 0, 'T02464', 'Lemoine', 'Mohamed', 'F', '1864.00', 1),
(2469, '2010-02-13', 1, 'T02465', 'Durand', 'Romain', 'F', '2184.00', 1),
(2470, '2015-10-13', 0, 'M02466', 'Fontaine', 'Romain', 'M', '1312.00', 1),
(2471, '2014-12-14', 1, 'T02467', 'Carpentier', 'Noa', 'F', '2276.00', 1),
(2472, '2011-06-21', 0, 'T02468', 'Meyer', 'Lou', 'M', '1721.00', 1),
(2473, '2015-11-04', 1, 'T02469', 'Bonnet', 'Nathan', 'F', '2359.00', 1),
(2474, '2011-01-17', 0, 'T02470', 'Durand', 'Mathilde', 'F', '1092.00', 1),
(2475, '2010-01-21', 1, 'T02471', 'Pons', 'Ambre', 'F', '2483.00', 1),
(2476, '2013-04-25', 1, 'T02472', 'Vincent', 'Mélissa', 'M', '1840.00', 1),
(2477, '2011-02-19', 1, 'C02473', 'Pierre', 'Eva', 'F', '1578.00', 1),
(2478, '2012-10-23', 1, 'C02474', 'Leclercq', 'Jade', 'M', '1995.00', 1),
(2479, '2011-10-27', 0, 'T02475', 'Clement', 'Alexis', 'F', '1994.00', 1),
(2480, '2014-08-16', 1, 'M02476', 'Lacroix', 'Victor', 'M', '1117.00', 1),
(2481, '2010-05-08', 0, 'C02477', 'Leclercq', 'Maëlle', 'M', '1030.00', 1),
(2482, '2013-10-27', 0, 'M02478', 'Fontaine', 'Ines', 'F', '1023.00', 1),
(2483, '2011-10-07', 0, 'C02479', 'Vidal', 'Enzo', 'F', '1931.00', 1),
(2484, '2011-01-09', 0, 'M02480', 'Louis', 'Nicolas', 'F', '2043.00', 1),
(2485, '2011-12-24', 1, 'M02481', 'Perrot', 'Lucie', 'M', '1788.00', 1),
(2486, '2014-04-04', 0, 'T02482', 'Marie', 'Julie', 'F', '1193.00', 1),
(2487, '2010-06-04', 1, 'C02483', 'Carpentier', 'Arthur', 'F', '2358.00', 1),
(2488, '2013-12-08', 1, 'T02484', 'Marchal', 'Camille', 'M', '2075.00', 1),
(2489, '2010-10-30', 0, 'T02485', 'Colin', 'Jade', 'F', '1646.00', 1),
(2490, '2013-11-15', 1, 'T02486', 'Noel', 'Lola', 'F', '1842.00', 1),
(2491, '2013-06-11', 1, 'T02487', 'Aubert', 'Théo', 'M', '1529.00', 1),
(2492, '2012-09-29', 0, 'T02488', 'Rousseau', 'Juliette', 'F', '2003.00', 1),
(2493, '2014-08-17', 0, 'T02489', 'Faure', 'Pauline', 'M', '1183.00', 1),
(2494, '2014-10-17', 1, 'T02490', 'Masson', 'Marie', 'M', '1050.00', 1),
(2495, '2011-11-29', 1, 'T02491', 'Adam', 'Yanis', 'F', '2213.00', 1),
(2496, '2013-10-05', 1, 'T02492', 'Simon', 'Gabriel', 'M', '2378.00', 1),
(2497, '2010-02-04', 1, 'T02493', 'Aubry', 'Chloé', 'F', '2200.00', 1),
(2498, '2012-03-31', 0, 'C02494', 'Morin', 'Elisa', 'F', '1583.00', 1),
(2499, '2011-01-15', 1, 'T02495', 'Marie', 'Alice', 'F', '1329.00', 1),
(2500, '2014-07-01', 0, 'T02496', 'Pierre', 'Alexis', 'M', '1406.00', 1),
(2501, '2010-07-23', 0, 'T02497', 'Moulin', 'Antoine', 'F', '1885.00', 1),
(2502, '2015-07-10', 0, 'T02498', 'Bonnet', 'Lisa', 'F', '2037.00', 1),
(2503, '2015-10-02', 0, 'T02499', 'Blanc', 'Ambre', 'M', '1404.00', 1);

-- --------------------------------------------------------

--
-- Table structure for table `entreprise`
--

DROP TABLE IF EXISTS `entreprise`;
CREATE TABLE IF NOT EXISTS `entreprise` (
  `id` bigint(20) NOT NULL AUTO_INCREMENT,
  `nom` varchar(50) NOT NULL,
  PRIMARY KEY (`id`),
  UNIQUE KEY `nom` (`nom`)
) ENGINE=MyISAM AUTO_INCREMENT=5 DEFAULT CHARSET=utf8;

--
-- Dumping data for table `entreprise`
--

INSERT INTO `entreprise` (`id`, `nom`) VALUES
(1, 'MoscowEnterprises'),
(3, 'ParisEnterprises'),
(4, 'aeetr');

-- --------------------------------------------------------

--
-- Table structure for table `manager`
--

DROP TABLE IF EXISTS `manager`;
CREATE TABLE IF NOT EXISTS `manager` (
  `id` bigint(20) NOT NULL,
  `performance` tinyint(4) DEFAULT NULL,
  PRIMARY KEY (`id`)
) ENGINE=InnoDB DEFAULT CHARSET=utf8;

--
-- Dumping data for table `manager`
--

INSERT INTO `manager` (`id`, `performance`) VALUES
(2, NULL),
(5, NULL),
(7, NULL),
(11, NULL),
(27, NULL),
(28, NULL),
(43, NULL),
(44, NULL),
(45, NULL),
(48, NULL),
(54, NULL),
(64, NULL),
(76, NULL),
(81, NULL),
(88, NULL),
(89, NULL),
(95, NULL),
(103, NULL),
(110, NULL),
(111, NULL),
(112, NULL),
(115, NULL),
(117, NULL),
(122, NULL),
(124, NULL),
(126, NULL),
(133, NULL),
(134, NULL),
(138, NULL),
(152, NULL),
(164, NULL),
(172, NULL),
(174, NULL),
(179, NULL),
(181, NULL),
(193, NULL),
(195, NULL),
(202, NULL),
(213, NULL),
(229, NULL),
(233, NULL),
(236, NULL),
(237, NULL),
(242, NULL),
(248, NULL),
(257, NULL),
(259, NULL),
(265, NULL),
(276, NULL),
(281, NULL),
(286, NULL),
(290, NULL),
(293, NULL),
(298, NULL),
(309, NULL),
(316, NULL),
(321, NULL),
(327, NULL),
(332, NULL),
(333, NULL),
(346, NULL),
(355, NULL),
(365, NULL),
(370, NULL),
(371, NULL),
(374, NULL),
(375, NULL),
(380, NULL),
(382, NULL),
(385, NULL),
(390, NULL),
(404, NULL),
(407, NULL),
(413, NULL),
(416, NULL),
(421, NULL),
(427, NULL),
(438, NULL),
(443, NULL),
(444, NULL),
(453, NULL),
(460, NULL),
(467, NULL),
(469, NULL),
(480, NULL),
(489, NULL),
(506, NULL),
(516, NULL),
(517, NULL),
(526, NULL),
(527, NULL),
(530, NULL),
(532, NULL),
(533, NULL),
(539, NULL),
(540, NULL),
(552, NULL),
(553, NULL),
(554, NULL),
(558, NULL),
(561, NULL),
(564, NULL),
(568, NULL),
(579, NULL),
(582, NULL),
(584, NULL),
(605, NULL),
(608, NULL),
(613, NULL),
(616, NULL),
(619, NULL),
(624, NULL),
(627, NULL),
(634, NULL),
(644, NULL),
(655, NULL),
(656, NULL),
(678, NULL),
(700, NULL),
(712, NULL),
(718, NULL),
(720, NULL),
(722, NULL),
(727, NULL),
(735, NULL),
(748, NULL),
(753, NULL),
(761, NULL),
(763, NULL),
(764, NULL),
(767, NULL),
(780, NULL),
(798, NULL),
(804, NULL),
(809, NULL),
(813, NULL),
(815, NULL),
(823, NULL),
(835, NULL),
(837, NULL),
(848, NULL),
(850, NULL),
(859, NULL),
(862, NULL),
(867, NULL),
(868, NULL),
(869, NULL),
(872, NULL),
(874, NULL),
(880, NULL),
(898, NULL),
(900, NULL),
(905, NULL),
(907, NULL),
(908, NULL),
(915, NULL),
(918, NULL),
(923, NULL),
(925, NULL),
(928, NULL),
(931, NULL),
(947, NULL),
(953, NULL),
(958, NULL),
(964, NULL),
(967, NULL),
(980, NULL),
(993, NULL),
(1003, NULL),
(1005, NULL),
(1007, NULL),
(1008, NULL),
(1023, NULL),
(1036, NULL),
(1037, NULL),
(1043, NULL),
(1044, NULL),
(1051, NULL),
(1056, NULL),
(1067, NULL),
(1083, NULL),
(1091, NULL),
(1099, NULL),
(1106, NULL),
(1107, NULL),
(1110, NULL),
(1114, NULL),
(1116, NULL),
(1119, NULL),
(1123, NULL),
(1126, NULL),
(1130, NULL),
(1135, NULL),
(1165, NULL),
(1167, NULL),
(1176, NULL),
(1178, NULL),
(1181, NULL),
(1198, NULL),
(1200, NULL),
(1201, NULL),
(1206, NULL),
(1212, NULL),
(1218, NULL),
(1227, NULL),
(1233, NULL),
(1238, NULL),
(1242, NULL),
(1274, NULL),
(1280, NULL),
(1286, NULL),
(1288, NULL),
(1292, NULL),
(1293, NULL),
(1298, NULL),
(1299, NULL),
(1307, NULL),
(1309, NULL),
(1314, NULL),
(1316, NULL),
(1317, NULL),
(1321, NULL),
(1334, NULL),
(1335, NULL),
(1336, NULL),
(1345, NULL),
(1369, NULL),
(1370, NULL),
(1379, NULL),
(1387, NULL),
(1394, NULL),
(1404, NULL),
(1408, NULL),
(1410, NULL),
(1411, NULL),
(1414, NULL),
(1415, NULL),
(1420, NULL),
(1434, NULL),
(1440, NULL),
(1441, NULL),
(1450, NULL),
(1457, NULL),
(1459, NULL),
(1461, NULL),
(1466, NULL),
(1467, NULL),
(1489, NULL),
(1497, NULL),
(1514, NULL),
(1516, NULL),
(1521, NULL),
(1524, NULL),
(1531, NULL),
(1532, NULL),
(1533, NULL),
(1544, NULL),
(1548, NULL),
(1556, NULL),
(1558, NULL),
(1565, NULL),
(1578, NULL),
(1586, NULL),
(1593, NULL),
(1598, NULL),
(1601, NULL),
(1629, NULL),
(1656, NULL),
(1662, NULL),
(1663, NULL),
(1665, NULL),
(1668, NULL),
(1669, NULL),
(1670, NULL),
(1687, NULL),
(1688, NULL),
(1689, NULL),
(1696, NULL),
(1701, NULL),
(1723, NULL),
(1726, NULL),
(1733, NULL),
(1734, NULL),
(1735, NULL),
(1744, NULL),
(1765, NULL),
(1768, NULL),
(1770, NULL),
(1771, NULL),
(1774, NULL),
(1775, NULL),
(1792, NULL),
(1804, NULL),
(1805, NULL),
(1810, NULL),
(1812, NULL),
(1814, NULL),
(1826, NULL),
(1834, NULL),
(1835, NULL),
(1846, NULL),
(1847, NULL),
(1854, NULL),
(1860, NULL),
(1871, NULL),
(1872, NULL),
(1880, NULL),
(1884, NULL),
(1887, NULL),
(1890, NULL),
(1905, NULL),
(1907, NULL),
(1911, NULL),
(1925, NULL),
(1930, NULL),
(1937, NULL),
(1965, NULL),
(1966, NULL),
(1968, NULL),
(1969, NULL),
(1984, NULL),
(1986, NULL),
(1988, NULL),
(1989, NULL),
(1996, NULL),
(1999, NULL),
(2001, NULL),
(2011, NULL),
(2017, NULL),
(2019, NULL),
(2022, NULL),
(2026, NULL),
(2028, NULL),
(2034, NULL),
(2039, NULL),
(2041, NULL),
(2047, NULL),
(2048, NULL),
(2054, NULL),
(2055, NULL),
(2057, NULL),
(2066, NULL),
(2075, NULL),
(2080, NULL),
(2086, NULL),
(2091, NULL),
(2097, NULL),
(2100, NULL),
(2104, NULL),
(2109, NULL),
(2110, NULL),
(2120, NULL),
(2131, NULL),
(2135, NULL),
(2151, NULL),
(2153, NULL),
(2155, NULL),
(2157, NULL),
(2166, NULL),
(2175, NULL),
(2176, NULL),
(2177, NULL),
(2179, NULL),
(2181, NULL),
(2185, NULL),
(2196, NULL),
(2198, NULL),
(2204, NULL),
(2210, NULL),
(2212, NULL),
(2221, NULL),
(2223, NULL),
(2227, NULL),
(2228, NULL),
(2232, NULL),
(2237, NULL),
(2239, NULL),
(2242, NULL),
(2243, NULL),
(2252, NULL),
(2255, NULL),
(2256, NULL),
(2259, NULL),
(2264, NULL),
(2268, NULL),
(2269, NULL),
(2277, NULL),
(2290, NULL),
(2296, NULL),
(2298, NULL),
(2309, NULL),
(2319, NULL),
(2320, NULL),
(2321, NULL),
(2331, NULL),
(2333, NULL),
(2350, NULL),
(2352, NULL),
(2354, NULL),
(2359, NULL),
(2360, NULL),
(2366, NULL),
(2393, NULL),
(2395, NULL),
(2400, NULL),
(2425, NULL),
(2427, NULL),
(2433, NULL),
(2434, NULL),
(2437, NULL),
(2438, NULL),
(2441, NULL),
(2444, NULL),
(2455, NULL),
(2464, NULL),
(2470, NULL),
(2480, NULL),
(2482, NULL),
(2484, NULL),
(2485, NULL);

-- --------------------------------------------------------

--
-- Table structure for table `technicien`
--

DROP TABLE IF EXISTS `technicien`;
CREATE TABLE IF NOT EXISTS `technicien` (
  `id` bigint(20) NOT NULL,
  `grade` int(11) DEFAULT '1',
  `manager_id` bigint(20) DEFAULT NULL,
  PRIMARY KEY (`id`),
  KEY `technicien_manager_fk` (`manager_id`)
) ENGINE=InnoDB DEFAULT CHARSET=utf8;

--
-- Dumping data for table `technicien`
--

INSERT INTO `technicien` (`id`, `grade`, `manager_id`) VALUES
(3, 5, 2455),
(4, 5, 5),
(9, 5, 5),
(10, 5, 5),
(15, 5, 5),
(16, 5, 7),
(18, 2, 7),
(19, 2, 7),
(20, 5, 7),
(21, 5, 11),
(24, 5, 11),
(25, 3, 11),
(26, 5, 11),
(29, 5, 27),
(30, 5, 27),
(31, 1, 27),
(32, 5, 27),
(33, 5, 28),
(34, 5, 28),
(35, 4, 28),
(36, 5, 28),
(38, 5, 43),
(39, 5, 43),
(40, 5, 43),
(41, 5, 43),
(42, 1, 44),
(46, 5, 44),
(47, 4, 44),
(49, 5, 44),
(51, 5, 45),
(52, 5, 45),
(58, 1, 45),
(59, 5, 45),
(60, 5, 48),
(66, 5, 48),
(67, 5, 48),
(68, 5, 48),
(69, 4, 54),
(70, 5, 54),
(71, 5, 54),
(72, 5, 54),
(73, 2, 64),
(74, 5, 64),
(75, 5, 64),
(77, 5, 64),
(78, 5, 76),
(82, 1, 76),
(83, 5, 76),
(84, 5, 76),
(85, 4, 81),
(86, 5, 81),
(87, 5, 81),
(91, 5, 81),
(94, 5, 88),
(96, 1, 88),
(97, 5, 88),
(99, 4, 88),
(100, 5, 89),
(101, 2, 89),
(104, 5, 89),
(105, 3, 89),
(106, 4, 95),
(107, 5, 95),
(109, 5, 95),
(113, 5, 95),
(114, 5, 103),
(116, 5, 103),
(118, 5, 103),
(119, 5, 103),
(120, 4, 110),
(121, 5, 110),
(125, 5, 110),
(127, 5, 110),
(128, 5, 111),
(129, 2, 111),
(130, 5, 111),
(131, 4, 111),
(132, 2, 112),
(135, 1, 112),
(136, 5, 112),
(137, 5, 112),
(140, 1, 115),
(142, 5, 115),
(143, 5, 115),
(145, 5, 115),
(146, 5, 117),
(147, 1, 117),
(148, 3, 117),
(150, 5, 117),
(155, 5, 122),
(156, 5, 122),
(157, 3, 122),
(160, 5, 122),
(161, 5, 124),
(162, 5, 124),
(163, 2, 124),
(165, 2, 124),
(166, 5, 126),
(169, 5, 126),
(170, 5, 126),
(171, 5, 126),
(173, 5, 133),
(176, 5, 133),
(177, 5, 133),
(178, 5, 133),
(180, 1, 134),
(182, 5, 134),
(183, 5, 134),
(184, 5, 134),
(185, 5, 138),
(186, 5, 138),
(187, 4, 138),
(188, 5, 138),
(190, 5, 152),
(192, 4, 152),
(194, 4, 152),
(196, 1, 152),
(197, 5, 164),
(199, 5, 164),
(200, 2, 164),
(201, 5, 164),
(203, 5, 172),
(204, 4, 172),
(205, 2, 172),
(206, 5, 172),
(207, 5, 174),
(208, 5, 174),
(210, 5, 174),
(211, 5, 174),
(212, 5, 179),
(214, 5, 179),
(215, 5, 179),
(216, 5, 179),
(218, 5, 181),
(219, 5, 181),
(220, 5, 181),
(221, 3, 181),
(222, 4, 193),
(225, 5, 193),
(227, 3, 193),
(228, 5, 193),
(231, 5, 195),
(235, 4, 195),
(238, 5, 195),
(240, 5, 195),
(241, 5, 202),
(243, 3, 202),
(244, 5, 202),
(245, 5, 202),
(246, 2, 213),
(247, 5, 213),
(249, 5, 213),
(250, 5, 213),
(251, 5, 229),
(252, 3, 229),
(253, 2, 229),
(254, 5, 229),
(255, 5, 233),
(256, 5, 233),
(258, 2, 233),
(260, 5, 233),
(261, 5, 236),
(262, 5, 236),
(263, 5, 236),
(264, 5, 236),
(266, 2, 237),
(267, 2, 237),
(269, 3, 237),
(271, 5, 237),
(272, 5, 242),
(273, 5, 242),
(275, 3, 242),
(278, 5, 242),
(279, 2, 248),
(280, 5, 248),
(282, 5, 248),
(283, 2, 248),
(284, 5, 257),
(285, 5, 257),
(287, 5, 257),
(289, 5, 257),
(291, 5, 259),
(292, 5, 259),
(294, 5, 259),
(295, 5, 259),
(296, 5, 265),
(299, 5, 265),
(301, 5, 265),
(302, 5, 265),
(304, 5, 276),
(305, 2, 276),
(306, 2, 276),
(307, 5, 276),
(310, 5, 281),
(311, 3, 281),
(312, 5, 281),
(313, 5, 281),
(315, 5, 286),
(317, 5, 286),
(318, 2, 286),
(320, 5, 286),
(322, 5, 290),
(325, 5, 290),
(326, 5, 290),
(328, 5, 290),
(329, 3, 293),
(331, 5, 293),
(334, 2, 293),
(335, 5, 293),
(336, 5, 298),
(337, 1, 298),
(338, 5, 298),
(339, 4, 298),
(340, 2, 309),
(342, 5, 309),
(345, 5, 309),
(347, 4, 309),
(348, 3, 316),
(349, 3, 316),
(350, 5, 316),
(352, 5, 316),
(353, 5, 321),
(354, 1, 321),
(356, 5, 321),
(357, 3, 321),
(358, 5, 327),
(359, 5, 327),
(360, 2, 327),
(361, 5, 327),
(362, 5, 332),
(364, 2, 332),
(366, 5, 332),
(367, 5, 332),
(368, 5, 333),
(369, 3, 333),
(372, 5, 333),
(373, 5, 333),
(376, 5, 346),
(377, 5, 346),
(378, 5, 346),
(379, 4, 346),
(383, 4, 355),
(387, 5, 355),
(388, 4, 355),
(389, 5, 355),
(391, 2, 365),
(392, 1, 365),
(393, 1, 365),
(395, 5, 365),
(396, 5, 370),
(397, 5, 370),
(398, 1, 370),
(399, 5, 370),
(401, 5, 371),
(402, 4, 371),
(403, 5, 371),
(405, 3, 371),
(406, 5, 374),
(408, 4, 374),
(409, 5, 374),
(410, 5, 374),
(411, 5, 375),
(415, 4, 375),
(417, 5, 375),
(419, 5, 375),
(420, 5, 380),
(423, 5, 380),
(424, 3, 380),
(425, 2, 380),
(426, 5, 382),
(428, 3, 382),
(429, 5, 382),
(432, 5, 382),
(433, 5, 385),
(434, 5, 385),
(435, 5, 385),
(437, 5, 385),
(439, 5, 390),
(441, 5, 390),
(442, 5, 390),
(446, 5, 390),
(448, 2, 404),
(449, 5, 404),
(452, 3, 404),
(455, 4, 404),
(456, 5, 407),
(457, 5, 407),
(458, 4, 407),
(459, 5, 407),
(462, 2, 413),
(463, 3, 413),
(464, 5, 413),
(465, 5, 413),
(466, 5, 416),
(470, 4, 416),
(471, 5, 416),
(472, 5, 416),
(473, 5, 421),
(474, 5, 421),
(475, 5, 421),
(476, 5, 421),
(477, 5, 427),
(478, 2, 427),
(479, 5, 427),
(482, 5, 427),
(483, 4, 438),
(484, 1, 438),
(485, 5, 438),
(486, 5, 438),
(487, 5, 443),
(488, 5, 443),
(490, 2, 443),
(491, 5, 443),
(492, 5, 444),
(493, 1, 444),
(496, 5, 444),
(498, 5, 444),
(499, 5, 453),
(500, 5, 453),
(502, 5, 453),
(503, 5, 453),
(504, 1, 460),
(505, 3, 460),
(507, 5, 460),
(508, 5, 460),
(509, 5, 467),
(510, 5, 467),
(512, 5, 467),
(513, 4, 467),
(514, 5, 469),
(518, 4, 469),
(519, 1, 469),
(520, 5, 469),
(522, 5, 480),
(523, 5, 480),
(524, 5, 480),
(525, 3, 480),
(528, 3, 489),
(529, 5, 489),
(534, 5, 489),
(535, 5, 489),
(536, 5, 506),
(537, 5, 506),
(542, 5, 506),
(543, 5, 506),
(544, 5, 516),
(545, 4, 516),
(546, 1, 516),
(547, 1, 516),
(548, 5, 517),
(550, 1, 517),
(551, 5, 517),
(557, 5, 517),
(559, 3, 526),
(560, 5, 526),
(562, 5, 526),
(563, 5, 526),
(565, 5, 527),
(567, 5, 527),
(570, 5, 527),
(571, 5, 527),
(572, 3, 530),
(573, 5, 530),
(574, 5, 530),
(575, 5, 530),
(576, 5, 532),
(577, 2, 532),
(578, 5, 532),
(580, 5, 532),
(581, 2, 533),
(583, 2, 533),
(585, 5, 533),
(586, 5, 533),
(587, 5, 539),
(589, 5, 539),
(590, 5, 539),
(591, 5, 539),
(592, 5, 540),
(593, 5, 540),
(594, 5, 540),
(595, 4, 540),
(596, 5, 552),
(597, 1, 552),
(598, 5, 552),
(599, 5, 552),
(600, 5, 553),
(601, 5, 553),
(604, 5, 553),
(606, 5, 553),
(607, 5, 554),
(609, 1, 554),
(610, 5, 554),
(611, 5, 554),
(612, 1, 558),
(614, 5, 558),
(615, 5, 558),
(617, 5, 558),
(620, 5, 561),
(622, 5, 561),
(623, 5, 561),
(625, 5, 561),
(626, 5, 564),
(630, 5, 564),
(631, 5, 564),
(633, 5, 564),
(635, 5, 568),
(636, 5, 568),
(637, 5, 568),
(640, 5, 568),
(641, 5, 579),
(642, 5, 579),
(646, 5, 579),
(647, 5, 579),
(648, 5, 582),
(650, 5, 582),
(651, 5, 582),
(652, 1, 582),
(653, 5, 584),
(654, 5, 584),
(657, 5, 584),
(658, 5, 584),
(659, 5, 605),
(660, 3, 605),
(661, 5, 605),
(662, 5, 605),
(663, 5, 608),
(664, 5, 608),
(666, 5, 608),
(667, 5, 608),
(668, 4, 613),
(669, 5, 613),
(670, 5, 613),
(671, 2, 613),
(672, 5, 616),
(673, 4, 616),
(674, 5, 616),
(675, 5, 616),
(677, 5, 619),
(679, 5, 619),
(681, 5, 619),
(682, 5, 619),
(683, 5, 624),
(684, 5, 624),
(685, 5, 624),
(686, 4, 624),
(687, 5, 627),
(688, 5, 627),
(689, 5, 627),
(690, 5, 627),
(691, 5, 634),
(693, 5, 634),
(695, 4, 634),
(696, 5, 634),
(697, 5, 644),
(699, 5, 644),
(701, 3, 644),
(702, 5, 644),
(703, 3, 655),
(704, 5, 655),
(705, 5, 655),
(706, 5, 655),
(708, 5, 656),
(709, 5, 656),
(710, 5, 656),
(711, 5, 656),
(714, 5, 678),
(715, 5, 678),
(716, 5, 678),
(717, 5, 678),
(719, 5, 700),
(721, 5, 700),
(724, 5, 700),
(725, 4, 700),
(726, 5, 712),
(728, 2, 712),
(729, 5, 712),
(730, 1, 712),
(732, 5, 718),
(733, 5, 718),
(734, 2, 718),
(736, 5, 718),
(738, 5, 720),
(739, 5, 720),
(740, 5, 720),
(741, 5, 720),
(742, 5, 722),
(743, 5, 722),
(744, 5, 722),
(745, 5, 722),
(746, 5, 727),
(747, 5, 727),
(749, 5, 727),
(751, 5, 727),
(752, 5, 735),
(755, 2, 735),
(757, 5, 735),
(758, 5, 735),
(759, 5, 748),
(760, 5, 748),
(762, 2, 748),
(765, 2, 748),
(766, 2, 753),
(768, 4, 753),
(769, 4, 753),
(770, 5, 753),
(771, 5, 761),
(773, 5, 761),
(774, 5, 761),
(775, 5, 761),
(776, 5, 763),
(778, 5, 763),
(779, 5, 763),
(781, 4, 763),
(782, 5, 764),
(783, 5, 764),
(784, 5, 764),
(785, 5, 764),
(786, 1, 767),
(788, 5, 767),
(791, 5, 767),
(792, 4, 767),
(793, 5, 780),
(794, 5, 780),
(795, 5, 780),
(796, 5, 780),
(797, 4, 798),
(799, 3, 798),
(800, 5, 798),
(801, 3, 798),
(802, 5, 804),
(805, 5, 804),
(807, 5, 804),
(808, 1, 804),
(810, 5, 809),
(811, 5, 809),
(812, 3, 809),
(817, 5, 809),
(818, 5, 813),
(819, 4, 813),
(820, 5, 813),
(822, 5, 813),
(824, 5, 815),
(826, 5, 815),
(827, 5, 815),
(830, 5, 815),
(831, 5, 823),
(832, 5, 823),
(834, 4, 823),
(836, 3, 823),
(838, 1, 835),
(839, 5, 835),
(840, 5, 835),
(841, 2, 835),
(842, 1, 837),
(843, 5, 837),
(844, 5, 837),
(845, 5, 837),
(846, 3, 848),
(851, 5, 848),
(852, 5, 848),
(853, 5, 848),
(854, 5, 850),
(855, 2, 850),
(856, 5, 850),
(857, 5, 850),
(858, 2, 859),
(860, 5, 859),
(861, 5, 859),
(863, 1, 859),
(870, 5, 862),
(871, 3, 862),
(875, 5, 862),
(876, 5, 862),
(877, 4, 867),
(878, 3, 867),
(879, 5, 867),
(881, 5, 867),
(882, 5, 868),
(883, 5, 868),
(884, 5, 868),
(885, 4, 868),
(886, 5, 869),
(887, 5, 869),
(888, 5, 869),
(889, 5, 869),
(890, 5, 872),
(891, 5, 872),
(892, 5, 872),
(893, 5, 872),
(894, 5, 874),
(895, 5, 874),
(897, 5, 874),
(899, 5, 874),
(902, 4, 880),
(903, 5, 880),
(904, 5, 880),
(909, 5, 880),
(910, 5, 898),
(911, 5, 898),
(912, 5, 898),
(914, 5, 898),
(916, 5, 900),
(917, 5, 900),
(919, 5, 900),
(920, 5, 900),
(921, 5, 905),
(922, 5, 905),
(924, 5, 905),
(926, 3, 905),
(927, 1, 907),
(929, 5, 907),
(930, 5, 907),
(932, 4, 907),
(933, 5, 908),
(934, 5, 908),
(935, 4, 908),
(936, 5, 908),
(937, 3, 915),
(938, 5, 915),
(939, 5, 915),
(940, 5, 915),
(941, 3, 918),
(942, 5, 918),
(943, 5, 918),
(944, 5, 918),
(945, 5, 923),
(946, 4, 923),
(948, 5, 923),
(949, 2, 923),
(950, 5, 925),
(951, 1, 925),
(954, 3, 925),
(955, 5, 925),
(956, 4, 928),
(957, 5, 928),
(960, 5, 928),
(962, 5, 928),
(963, 5, 931),
(965, 1, 931),
(966, 5, 931),
(969, 5, 931),
(970, 4, 947),
(971, 4, 947),
(973, 5, 947),
(974, 5, 947),
(975, 2, 953),
(976, 5, 953),
(977, 1, 953),
(978, 5, 953),
(979, 5, 958),
(981, 5, 958),
(982, 5, 958),
(983, 3, 958),
(984, 5, 964),
(985, 5, 964),
(988, 4, 964),
(989, 5, 964),
(990, 5, 967),
(992, 5, 967),
(995, 5, 967),
(996, 5, 967),
(997, 5, 980),
(998, 5, 980),
(999, 5, 980),
(1001, 1, 980),
(1004, 5, 993),
(1006, 5, 993),
(1009, 5, 993),
(1010, 5, 993),
(1012, 5, 1003),
(1013, 1, 1003),
(1014, 4, 1003),
(1015, 2, 1003),
(1016, 2, 1005),
(1017, 5, 1005),
(1018, 5, 1005),
(1019, 5, 1005),
(1020, 5, 1007),
(1021, 5, 1007),
(1022, 5, 1007),
(1024, 5, 1007),
(1025, 1, 1008),
(1026, 5, 1008),
(1027, 5, 1008),
(1028, 5, 1008),
(1029, 2, 1023),
(1031, 5, 1023),
(1032, 5, 1023),
(1033, 5, 1023),
(1034, 5, 1036),
(1035, 3, 1036),
(1038, 5, 1036),
(1039, 4, 1036),
(1042, 3, 1037),
(1045, 5, 1037),
(1048, 5, 1037),
(1049, 5, 1037),
(1050, 5, 1043),
(1052, 5, 1043),
(1054, 1, 1043),
(1055, 5, 1043),
(1057, 5, 1044),
(1058, 5, 1044),
(1059, 4, 1044),
(1060, 2, 1044),
(1061, 2, 1051),
(1062, 5, 1051),
(1063, 2, 1051),
(1065, 5, 1051),
(1068, 5, 1056),
(1069, 5, 1056),
(1071, 5, 1056),
(1072, 5, 1056),
(1073, 5, 1067),
(1074, 5, 1067),
(1076, 5, 1067),
(1077, 5, 1067),
(1078, 5, 1083),
(1079, 5, 1083),
(1080, 5, 1083),
(1081, 5, 1083),
(1082, 5, 1091),
(1084, 5, 1091),
(1086, 4, 1091),
(1087, 5, 1091),
(1088, 5, 1099),
(1089, 3, 1099),
(1090, 5, 1099),
(1092, 3, 1099),
(1095, 5, 1106),
(1096, 5, 1106),
(1097, 5, 1106),
(1098, 3, 1106),
(1101, 3, 1107),
(1102, 5, 1107),
(1103, 3, 1107),
(1104, 5, 1107),
(1105, 4, 1110),
(1108, 1, 1110),
(1109, 3, 1110),
(1112, 5, 1110),
(1113, 5, 1114),
(1117, 3, 1114),
(1118, 1, 1114),
(1124, 5, 1114),
(1127, 5, 1116),
(1128, 1, 1116),
(1129, 5, 1116),
(1131, 5, 1116),
(1132, 4, 1119),
(1133, 2, 1119),
(1134, 5, 1119),
(1137, 4, 1119),
(1138, 5, 1123),
(1140, 5, 1123),
(1142, 5, 1123),
(1143, 5, 1123),
(1145, 5, 1126),
(1147, 5, 1126),
(1148, 5, 1126),
(1149, 5, 1126),
(1150, 5, 1130),
(1151, 2, 1130),
(1152, 1, 1130),
(1154, 5, 1130),
(1155, 5, 1135),
(1156, 5, 1135),
(1157, 5, 1135),
(1158, 1, 1135),
(1160, 5, 1165),
(1161, 5, 1165),
(1162, 5, 1165),
(1163, 5, 1165),
(1164, 2, 1167),
(1168, 2, 1167),
(1169, 5, 1167),
(1170, 5, 1167),
(1171, 5, 1176),
(1172, 5, 1176),
(1174, 5, 1176),
(1177, 5, 1176),
(1180, 5, 1178),
(1182, 5, 1178),
(1183, 5, 1178),
(1184, 5, 1178),
(1185, 5, 1181),
(1188, 3, 1181),
(1190, 5, 1181),
(1191, 5, 1181),
(1192, 5, 1198),
(1193, 5, 1198),
(1194, 5, 1198),
(1195, 1, 1198),
(1196, 5, 1200),
(1199, 4, 1200),
(1202, 5, 1200),
(1203, 5, 1200),
(1205, 5, 1201),
(1211, 4, 1201),
(1214, 4, 1201),
(1216, 5, 1201),
(1217, 5, 1206),
(1219, 5, 1206),
(1220, 5, 1206),
(1221, 2, 1206),
(1222, 5, 1212),
(1223, 5, 1212),
(1224, 5, 1212),
(1225, 5, 1212),
(1230, 5, 1218),
(1231, 5, 1218),
(1232, 3, 1218),
(1234, 5, 1218),
(1235, 5, 1227),
(1237, 5, 1227),
(1239, 5, 1227),
(1240, 5, 1227),
(1243, 5, 1233),
(1245, 1, 1233),
(1246, 5, 1233),
(1247, 5, 1233),
(1248, 5, 1238),
(1249, 5, 1238),
(1251, 5, 1238),
(1252, 5, 1238),
(1253, 5, 1242),
(1254, 5, 1242),
(1255, 5, 1242),
(1256, 5, 1242),
(1258, 5, 1274),
(1259, 2, 1274),
(1261, 4, 1274),
(1262, 5, 1274),
(1263, 5, 1280),
(1264, 5, 1280),
(1267, 5, 1280),
(1268, 5, 1280),
(1269, 5, 1286),
(1270, 5, 1286),
(1271, 5, 1286),
(1273, 5, 1286),
(1275, 5, 1288),
(1276, 5, 1288),
(1277, 5, 1288),
(1279, 5, 1288),
(1282, 5, 1292),
(1283, 5, 1292),
(1285, 5, 1292),
(1287, 4, 1292),
(1289, 3, 1293),
(1290, 5, 1293),
(1291, 3, 1293),
(1294, 5, 1293),
(1295, 4, 1298),
(1297, 5, 1298),
(1300, 5, 1298),
(1301, 5, 1298),
(1302, 5, 1299),
(1303, 4, 1299),
(1304, 5, 1299),
(1305, 5, 1299),
(1308, 5, 1307),
(1310, 5, 1307),
(1311, 5, 1307),
(1312, 5, 1307),
(1313, 5, 1309),
(1315, 5, 1309),
(1318, 5, 1309),
(1319, 5, 1309),
(1322, 5, 1314),
(1323, 5, 1314),
(1325, 1, 1314),
(1327, 5, 1314),
(1329, 1, 1316),
(1330, 1, 1316),
(1331, 5, 1316),
(1332, 5, 1316),
(1333, 3, 1317),
(1337, 5, 1317),
(1338, 5, 1317),
(1339, 5, 1317),
(1340, 5, 1321),
(1341, 5, 1321),
(1342, 5, 1321),
(1343, 5, 1321),
(1344, 5, 1334),
(1346, 5, 1334),
(1347, 3, 1334),
(1349, 5, 1334),
(1353, 5, 1335),
(1354, 4, 1335),
(1355, 5, 1335),
(1356, 1, 1335),
(1357, 5, 1336),
(1359, 5, 1336),
(1360, 5, 1336),
(1361, 5, 1336),
(1362, 5, 1345),
(1363, 2, 1345),
(1364, 5, 1345),
(1365, 5, 1345),
(1366, 2, 1369),
(1367, 5, 1369),
(1372, 5, 1369),
(1373, 3, 1369),
(1374, 5, 1370),
(1375, 1, 1370),
(1376, 5, 1370),
(1377, 5, 1370),
(1378, 5, 1379),
(1381, 5, 1379),
(1382, 5, 1379),
(1384, 5, 1379),
(1386, 5, 1387),
(1388, 5, 1387),
(1389, 2, 1387),
(1390, 5, 1387),
(1391, 5, 1394),
(1392, 4, 1394),
(1395, 5, 1394),
(1396, 5, 1394),
(1397, 3, 1404),
(1398, 5, 1404),
(1399, 5, 1404),
(1400, 3, 1404),
(1401, 5, 1408),
(1402, 3, 1408),
(1403, 3, 1408),
(1405, 4, 1408),
(1406, 5, 1410),
(1407, 5, 1410),
(1412, 5, 1410),
(1413, 2, 1410),
(1417, 2, 1411),
(1418, 2, 1411),
(1419, 5, 1411),
(1421, 5, 1411),
(1422, 4, 1414),
(1424, 5, 1414),
(1426, 5, 1414),
(1427, 5, 1414),
(1428, 5, 1415),
(1429, 3, 1415),
(1430, 2, 1415),
(1432, 5, 1415),
(1433, 5, 1420),
(1435, 5, 1420),
(1436, 5, 1420),
(1437, 5, 1420),
(1439, 5, 1434),
(1442, 5, 1434),
(1443, 5, 1434),
(1444, 5, 1434),
(1445, 5, 1440),
(1446, 5, 1440),
(1447, 5, 1440),
(1448, 5, 1440),
(1449, 5, 1441),
(1451, 5, 1441),
(1452, 5, 1441),
(1453, 5, 1441),
(1454, 5, 1450),
(1455, 5, 1450),
(1456, 5, 1450),
(1458, 5, 1450),
(1460, 2, 1457),
(1462, 5, 1457),
(1463, 5, 1457),
(1464, 4, 1457),
(1465, 5, 1459),
(1469, 5, 1459),
(1470, 5, 1459),
(1471, 5, 1459),
(1473, 5, 1461),
(1474, 5, 1461),
(1477, 5, 1461),
(1478, 3, 1461),
(1479, 5, 1466),
(1480, 5, 1466),
(1481, 5, 1466),
(1482, 4, 1466),
(1484, 5, 1467),
(1485, 5, 1467),
(1486, 2, 1467),
(1487, 2, 1467),
(1488, 5, 1489),
(1490, 5, 1489),
(1491, 5, 1489),
(1492, 4, 1489),
(1494, 5, 1497),
(1495, 5, 1497),
(1496, 5, 1497),
(1498, 5, 1497),
(1499, 5, 1514),
(1501, 5, 1514),
(1503, 5, 1514),
(1505, 2, 1514),
(1506, 5, 1516),
(1508, 2, 1516),
(1510, 5, 1516),
(1512, 5, 1516),
(1513, 2, 1521),
(1515, 5, 1521),
(1517, 3, 1521),
(1519, 1, 1521),
(1520, 5, 1524),
(1522, 5, 1524),
(1525, 5, 1524),
(1526, 5, 1524),
(1527, 5, 1531),
(1529, 4, 1531),
(1530, 5, 1531),
(1534, 5, 1531),
(1535, 5, 1532),
(1536, 4, 1532),
(1540, 2, 1532),
(1541, 4, 1532),
(1542, 2, 1533),
(1543, 5, 1533),
(1546, 5, 1533),
(1547, 5, 1533),
(1550, 5, 1544),
(1552, 4, 1544),
(1553, 3, 1544),
(1554, 3, 1544),
(1555, 5, 1548),
(1557, 5, 1548),
(1559, 5, 1548),
(1560, 2, 1548),
(1561, 5, 1556),
(1563, 3, 1556),
(1567, 5, 1556),
(1568, 5, 1556),
(1569, 5, 1558),
(1571, 4, 1558),
(1572, 1, 1558),
(1573, 5, 1558),
(1574, 1, 1565),
(1575, 5, 1565),
(1576, 1, 1565),
(1577, 5, 1565),
(1580, 5, 1578),
(1581, 5, 1578),
(1582, 4, 1578),
(1584, 3, 1578),
(1585, 5, 1586),
(1587, 5, 1586),
(1588, 5, 1586),
(1589, 3, 1586),
(1590, 5, 1593),
(1591, 5, 1593),
(1592, 5, 1593),
(1594, 5, 1593),
(1595, 5, 1598),
(1596, 5, 1598),
(1597, 5, 1598),
(1599, 5, 1598),
(1600, 5, 1601),
(1602, 1, 1601),
(1603, 5, 1601),
(1604, 4, 1601),
(1605, 5, 1629),
(1606, 5, 1629),
(1608, 5, 1629),
(1611, 5, 1629),
(1612, 5, 1656),
(1613, 5, 1656),
(1614, 5, 1656),
(1615, 5, 1656),
(1616, 5, 1662),
(1617, 5, 1662),
(1620, 5, 1662),
(1621, 5, 1662),
(1622, 4, 1663),
(1623, 5, 1663),
(1624, 5, 1663),
(1625, 5, 1663),
(1626, 5, 1665),
(1627, 5, 1665),
(1628, 2, 1665),
(1630, 5, 1665),
(1631, 1, 1668),
(1632, 2, 1668),
(1633, 5, 1668),
(1635, 2, 1668),
(1637, 5, 1669),
(1638, 5, 1669),
(1639, 5, 1669),
(1640, 5, 1669),
(1641, 2, 1670),
(1642, 5, 1670),
(1643, 5, 1670),
(1644, 5, 1670),
(1648, 5, 1687),
(1649, 5, 1687),
(1651, 1, 1687),
(1652, 5, 1687),
(1655, 5, 1688),
(1657, 5, 1688),
(1658, 5, 1688),
(1659, 5, 1688),
(1660, 3, 1689),
(1664, 5, 1689),
(1666, 5, 1689),
(1672, 5, 1689),
(1673, 5, 1696),
(1675, 5, 1696),
(1676, 5, 1696),
(1677, 5, 1696),
(1679, 5, 1701),
(1680, 1, 1701),
(1681, 5, 1701),
(1682, 1, 1701),
(1683, 5, 1723),
(1684, 5, 1723),
(1685, 1, 1723),
(1686, 4, 1723),
(1690, 5, 1726),
(1691, 5, 1726),
(1692, 5, 1726),
(1693, 5, 1726),
(1694, 5, 1733),
(1695, 5, 1733),
(1697, 5, 1733),
(1698, 5, 1733),
(1699, 5, 1734),
(1700, 5, 1734),
(1702, 5, 1734),
(1706, 5, 1734),
(1707, 5, 1735),
(1708, 5, 1735),
(1709, 5, 1735),
(1710, 5, 1735),
(1711, 3, 1744),
(1712, 5, 1744),
(1713, 2, 1744),
(1714, 5, 1744),
(1715, 5, 1765),
(1718, 5, 1765),
(1719, 3, 1765),
(1720, 5, 1765),
(1721, 5, 1768),
(1722, 3, 1768),
(1724, 5, 1768),
(1725, 5, 1768),
(1728, 5, 1770),
(1729, 5, 1770),
(1732, 4, 1770),
(1736, 4, 1770),
(1737, 4, 1771),
(1738, 5, 1771),
(1739, 5, 1771),
(1740, 5, 1771),
(1741, 5, 1774),
(1743, 3, 1774),
(1746, 5, 1774),
(1748, 5, 1774),
(1750, 5, 1775),
(1751, 5, 1775),
(1753, 5, 1775),
(1755, 1, 1775),
(1756, 2, 1792),
(1757, 5, 1792),
(1758, 2, 1792),
(1759, 4, 1792),
(1761, 4, 1804),
(1762, 2, 1804),
(1764, 5, 1804),
(1766, 2, 1804),
(1769, 2, 1805),
(1772, 5, 1805),
(1776, 5, 1805),
(1777, 5, 1805),
(1778, 2, 1810),
(1779, 3, 1810),
(1780, 5, 1810),
(1781, 5, 1810),
(1782, 5, 1812),
(1783, 3, 1812),
(1784, 5, 1812),
(1785, 5, 1812),
(1786, 5, 1814),
(1787, 5, 1814),
(1788, 5, 1814),
(1789, 5, 1814),
(1791, 5, 1826),
(1793, 5, 1826),
(1794, 5, 1826),
(1795, 5, 1826),
(1796, 5, 1834),
(1797, 4, 1834),
(1799, 5, 1834),
(1801, 5, 1834),
(1802, 5, 1835),
(1803, 5, 1835),
(1806, 5, 1835),
(1807, 5, 1835),
(1808, 5, 1846),
(1809, 5, 1846),
(1811, 5, 1846),
(1813, 5, 1846),
(1815, 1, 1847),
(1816, 5, 1847),
(1817, 5, 1847),
(1819, 5, 1847),
(1820, 5, 1854),
(1821, 5, 1854),
(1822, 5, 1854),
(1823, 2, 1854),
(1824, 5, 1860),
(1825, 3, 1860),
(1827, 4, 1860),
(1828, 1, 1860),
(1829, 5, 1871),
(1830, 3, 1871),
(1832, 2, 1871),
(1833, 3, 1871),
(1836, 5, 1872),
(1837, 2, 1872),
(1838, 5, 1872),
(1840, 5, 1872),
(1841, 5, 1880),
(1843, 5, 1880),
(1844, 5, 1880),
(1845, 4, 1880),
(1848, 5, 1884),
(1849, 5, 1884),
(1850, 1, 1884),
(1851, 5, 1884),
(1856, 5, 1887),
(1857, 3, 1887),
(1859, 5, 1887),
(1861, 5, 1887),
(1864, 5, 1890),
(1865, 4, 1890),
(1866, 5, 1890),
(1867, 5, 1890),
(1868, 5, 1905),
(1870, 5, 1905),
(1873, 3, 1905),
(1875, 5, 1905),
(1876, 5, 1907),
(1877, 2, 1907),
(1878, 5, 1907),
(1879, 1, 1907),
(1881, 5, 1911),
(1883, 5, 1911),
(1885, 5, 1911),
(1886, 2, 1911),
(1888, 5, 1925),
(1889, 1, 1925),
(1891, 5, 1925),
(1892, 5, 1925),
(1893, 5, 1930),
(1894, 4, 1930),
(1895, 5, 1930),
(1896, 5, 1930),
(1897, 5, 1937),
(1898, 5, 1937),
(1900, 5, 1937),
(1901, 5, 1937),
(1902, 5, 1965),
(1903, 5, 1965),
(1904, 4, 1965),
(1906, 5, 1965),
(1908, 5, 1966),
(1909, 3, 1966),
(1910, 5, 1966),
(1912, 4, 1966),
(1914, 5, 1968),
(1915, 1, 1968),
(1916, 5, 1968),
(1917, 3, 1968),
(1918, 3, 1969),
(1919, 5, 1969),
(1920, 5, 1969),
(1922, 5, 1969),
(1924, 2, 1984),
(1927, 5, 1984),
(1928, 2, 1984),
(1931, 5, 1984),
(1932, 5, 1986),
(1934, 1, 1986),
(1935, 5, 1986),
(1936, 5, 1986),
(1938, 3, 1988),
(1939, 1, 1988),
(1941, 5, 1988),
(1942, 5, 1988),
(1943, 5, 1989),
(1944, 2, 1989),
(1945, 5, 1989),
(1946, 5, 1989),
(1948, 5, 1996),
(1949, 5, 1996),
(1951, 1, 1996),
(1952, 5, 1996),
(1954, 5, 1999),
(1955, 4, 1999),
(1957, 3, 1999),
(1959, 1, 1999),
(1960, 5, 2001),
(1962, 5, 2001),
(1964, 5, 2001),
(1967, 5, 2001),
(1970, 5, 2011),
(1971, 5, 2011),
(1972, 5, 2011),
(1973, 5, 2011),
(1974, 4, 2017),
(1975, 5, 2017),
(1976, 5, 2017),
(1977, 5, 2017),
(1978, 5, 2019),
(1979, 5, 2019),
(1981, 4, 2019),
(1982, 5, 2019),
(1985, 5, 2022),
(1987, 5, 2022),
(1990, 5, 2022),
(1991, 5, 2022),
(1992, 5, 2026),
(1993, 5, 2026),
(1994, 3, 2026),
(1995, 5, 2026),
(1997, 5, 2028),
(1998, 5, 2028),
(2000, 1, 2028),
(2002, 5, 2028),
(2003, 5, 2034),
(2005, 5, 2034),
(2007, 2, 2034),
(2009, 5, 2034),
(2010, 3, 2039),
(2012, 5, 2039),
(2013, 5, 2039),
(2014, 5, 2039),
(2016, 5, 2041),
(2018, 5, 2041),
(2020, 5, 2041),
(2023, 5, 2041),
(2024, 4, 2047),
(2025, 5, 2047),
(2027, 5, 2047),
(2029, 5, 2047),
(2030, 5, 2048),
(2031, 1, 2048),
(2032, 5, 2048),
(2035, 5, 2048),
(2036, 1, 2054),
(2037, 5, 2054),
(2038, 5, 2054),
(2040, 5, 2054),
(2042, 2, 2055),
(2043, 2, 2055),
(2044, 1, 2055),
(2049, 5, 2055),
(2050, 5, 2057),
(2051, 5, 2057),
(2053, 2, 2057),
(2056, 5, 2057),
(2058, 5, 2066),
(2059, 5, 2066),
(2061, 5, 2066),
(2062, 5, 2066),
(2063, 3, 2075),
(2064, 5, 2075),
(2067, 2, 2075),
(2068, 5, 2075),
(2069, 5, 2080),
(2070, 4, 2080),
(2071, 5, 2080),
(2072, 5, 2080),
(2073, 5, 2086),
(2074, 3, 2086),
(2077, 5, 2086),
(2078, 5, 2086),
(2081, 5, 2091),
(2083, 1, 2091),
(2084, 1, 2091),
(2085, 5, 2091),
(2087, 5, 2097),
(2088, 5, 2097),
(2089, 5, 2097),
(2090, 5, 2097),
(2092, 5, 2100),
(2093, 5, 2100),
(2094, 5, 2100),
(2096, 5, 2100),
(2099, 5, 2104),
(2101, 1, 2104),
(2102, 5, 2104),
(2105, 2, 2104),
(2106, 5, 2109),
(2107, 5, 2109),
(2108, 5, 2109),
(2111, 3, 2109),
(2112, 5, 2110),
(2113, 5, 2110),
(2114, 3, 2110),
(2115, 5, 2110),
(2116, 5, 2120),
(2119, 5, 2120),
(2121, 2, 2120),
(2123, 5, 2120),
(2124, 5, 2131),
(2126, 5, 2131),
(2127, 5, 2131),
(2128, 5, 2131),
(2129, 5, 2135),
(2132, 1, 2135),
(2134, 5, 2135),
(2136, 5, 2135),
(2137, 5, 2151),
(2139, 5, 2151),
(2140, 1, 2151),
(2141, 1, 2151),
(2142, 5, 2153),
(2143, 5, 2153),
(2144, 5, 2153),
(2145, 5, 2153),
(2146, 3, 2155),
(2147, 2, 2155),
(2148, 5, 2155),
(2149, 5, 2155),
(2150, 5, 2157),
(2152, 5, 2157),
(2156, 2, 2157),
(2158, 5, 2157),
(2159, 3, 2166),
(2160, 5, 2166),
(2161, 1, 2166),
(2162, 5, 2166),
(2164, 5, 2175),
(2165, 5, 2175),
(2167, 5, 2175),
(2168, 3, 2175),
(2169, 2, 2176),
(2172, 1, 2176),
(2174, 5, 2176),
(2182, 2, 2176),
(2183, 5, 2177),
(2184, 5, 2177),
(2186, 5, 2177),
(2187, 5, 2177),
(2188, 5, 2179),
(2189, 2, 2179),
(2190, 1, 2179),
(2191, 5, 2179),
(2192, 5, 2181),
(2193, 5, 2181),
(2194, 5, 2181),
(2195, 5, 2181),
(2197, 5, 2185),
(2199, 5, 2185),
(2200, 5, 2185),
(2201, 5, 2185),
(2205, 5, 2196),
(2206, 5, 2196),
(2207, 5, 2196),
(2208, 5, 2196),
(2211, 5, 2198),
(2213, 2, 2198),
(2214, 5, 2198),
(2215, 5, 2198),
(2216, 5, 2204),
(2217, 5, 2204),
(2218, 5, 2204),
(2220, 4, 2204),
(2222, 5, 2210),
(2224, 5, 2210),
(2225, 5, 2210),
(2226, 5, 2210),
(2229, 2, 2212),
(2230, 5, 2212),
(2231, 5, 2212),
(2233, 5, 2212),
(2234, 5, 2221),
(2235, 3, 2221),
(2236, 5, 2221),
(2240, 2, 2221),
(2241, 5, 2223),
(2244, 5, 2223),
(2245, 3, 2223),
(2246, 2, 2223),
(2247, 5, 2227),
(2248, 5, 2227),
(2249, 5, 2227),
(2250, 5, 2227),
(2251, 5, 2228),
(2253, 5, 2228),
(2254, 3, 2228),
(2257, 5, 2228),
(2260, 5, 2232),
(2262, 1, 2232),
(2263, 5, 2232),
(2265, 5, 2232),
(2267, 5, 2237),
(2271, 5, 2237),
(2272, 1, 2237),
(2274, 2, 2237),
(2275, 5, 2239),
(2276, 1, 2239),
(2278, 5, 2239),
(2279, 5, 2239),
(2280, 5, 2242),
(2283, 5, 2242),
(2284, 1, 2242),
(2285, 5, 2242),
(2286, 2, 2243),
(2288, 2, 2243),
(2289, 5, 2243),
(2292, 3, 2243),
(2295, 5, 2252),
(2297, 5, 2252),
(2299, 3, 2252),
(2300, 2, 2252),
(2301, 5, 2255),
(2302, 4, 2255),
(2304, 5, 2255),
(2305, 5, 2255),
(2306, 5, 2256),
(2307, 3, 2256),
(2310, 5, 2256),
(2312, 5, 2256),
(2317, 5, 2259),
(2318, 1, 2259),
(2322, 2, 2259),
(2323, 5, 2259),
(2324, 1, 2264),
(2325, 5, 2264),
(2326, 5, 2264),
(2327, 5, 2264),
(2328, 5, 2268),
(2330, 5, 2268),
(2332, 5, 2268),
(2335, 2, 2268),
(2336, 3, 2269),
(2337, 1, 2269),
(2338, 3, 2269),
(2339, 5, 2269),
(2341, 5, 2277),
(2342, 5, 2277),
(2343, 5, 2277),
(2344, 5, 2277),
(2345, 5, 2290),
(2346, 1, 2290),
(2347, 5, 2290),
(2348, 5, 2290),
(2349, 5, 2296),
(2353, 5, 2296),
(2356, 5, 2296),
(2357, 5, 2296),
(2361, 5, 2298),
(2362, 5, 2298),
(2363, 5, 2298),
(2365, 5, 2298),
(2367, 2, 2309),
(2368, 5, 2309),
(2369, 5, 2309),
(2370, 3, 2309),
(2371, 5, 2319),
(2372, 4, 2319),
(2373, 5, 2319),
(2374, 5, 2319),
(2376, 5, 2320),
(2378, 5, 2320),
(2379, 5, 2320),
(2381, 5, 2320),
(2383, 5, 2321),
(2384, 5, 2321),
(2385, 5, 2321),
(2386, 3, 2321),
(2387, 2, 2331),
(2388, 5, 2331),
(2389, 5, 2331),
(2390, 5, 2331),
(2391, 5, 2333),
(2396, 5, 2333),
(2397, 5, 2333),
(2398, 5, 2333),
(2402, 5, 2350),
(2403, 5, 2350),
(2404, 3, 2350),
(2405, 1, 2350),
(2406, 3, 2352),
(2407, 5, 2352),
(2408, 1, 2352),
(2410, 5, 2352),
(2411, 2, 2354),
(2412, 5, 2354),
(2413, 3, 2354),
(2414, 5, 2354),
(2415, 5, 2359),
(2416, 5, 2359),
(2417, 5, 2359),
(2418, 5, 2359),
(2419, 5, 2360),
(2421, 3, 2360),
(2423, 5, 2360),
(2424, 5, 2360),
(2428, 5, 2366),
(2429, 5, 2366),
(2430, 5, 2366),
(2431, 4, 2366),
(2432, 4, 2393),
(2435, 3, 2393),
(2439, 5, 2393),
(2440, 5, 2393),
(2443, 5, 2395),
(2445, 5, 2395),
(2448, 5, 2395),
(2449, 5, 2395),
(2450, 5, 2400),
(2452, 5, 2400),
(2453, 5, 2400),
(2454, 5, 2400),
(2456, 5, 2425),
(2457, 5, 2425),
(2458, 5, 2425),
(2459, 5, 2425),
(2460, 5, 2427),
(2461, 5, 2427),
(2462, 5, 2427),
(2466, 5, 2427),
(2467, 5, 2433),
(2468, 5, 2433),
(2469, 5, 2433),
(2471, 5, 2433),
(2472, 5, 2434),
(2473, 5, 2434),
(2474, 1, 2434),
(2475, 5, 2434),
(2476, 5, 2437),
(2479, 5, 2437),
(2486, 2, 2437),
(2488, 5, 2437),
(2489, 5, 2438),
(2490, 5, 2438),
(2491, 5, 2438),
(2492, 5, 2438),
(2493, 2, 2441),
(2494, 1, 2441),
(2495, 5, 2441),
(2496, 5, 2441),
(2497, 5, 2444),
(2499, 4, 2444),
(2500, 5, 2444),
(2501, 5, 2444),
(2502, 5, 2455),
(2503, 5, 2455);

--
-- Constraints for dumped tables
--

--
-- Constraints for table `commercial`
--
ALTER TABLE `commercial`
  ADD CONSTRAINT `commercial_employe_fk` FOREIGN KEY (`id`) REFERENCES `employe` (`id`) ON DELETE CASCADE;

--
-- Constraints for table `manager`
--
ALTER TABLE `manager`
  ADD CONSTRAINT `manager_employe_fk` FOREIGN KEY (`id`) REFERENCES `employe` (`id`) ON DELETE CASCADE;

--
-- Constraints for table `technicien`
--
ALTER TABLE `technicien`
  ADD CONSTRAINT `technicien_employe_fk` FOREIGN KEY (`id`) REFERENCES `employe` (`id`) ON DELETE CASCADE,
  ADD CONSTRAINT `technicien_manager_fk` FOREIGN KEY (`manager_id`) REFERENCES `manager` (`id`);
COMMIT;

/*!40101 SET CHARACTER_SET_CLIENT=@OLD_CHARACTER_SET_CLIENT */;
/*!40101 SET CHARACTER_SET_RESULTS=@OLD_CHARACTER_SET_RESULTS */;
/*!40101 SET COLLATION_CONNECTION=@OLD_COLLATION_CONNECTION */;
